filename,reason
0002.jpg,no_bbox
0004.jpg,no_bbox
0005.jpg,no_bbox
0007.jpg,no_bbox
0008.jpg,no_bbox
0009.jpg,no_bbox
0010.jpg,no_bbox
0011.jpg,no_bbox
0014.jpg,no_bbox
0016.jpg,no_bbox
0017.jpg,no_bbox
0018.jpg,no_bbox
0019.jpg,no_bbox
0021.jpg,no_bbox
0022.jpg,no_bbox
0025.jpg,no_bbox
0027.jpg,no_bbox
0028.jpg,no_bbox
0030.jpg,no_bbox
0031.jpg,no_bbox
0032.jpg,no_bbox
0033.jpg,no_bbox
0034.jpg,no_bbox
0035.jpg,no_bbox
0036.jpg,no_bbox
0038.jpg,no_bbox
0039.jpg,no_bbox
0040.jpg,no_bbox
0041.jpg,no_bbox
0042.jpg,no_bbox
0043.jpg,no_bbox
0044.jpg,no_bbox
0045.jpg,no_bbox
0046.jpg,no_bbox
0047.jpg,no_bbox
0048.jpg,no_bbox
0049.jpg,no_bbox
0050.jpg,no_bbox
0052.jpg,no_bbox
0054.jpg,no_bbox
0055.jpg,no_bbox
0056.jpg,no_bbox
0057.jpg,no_bbox
0058.jpg,no_bbox
0059.jpg,no_bbox
0060.jpg,no_bbox
0061.jpg,no_bbox
0062.jpg,no_bbox
0063.jpg,no_bbox
0064.jpg,no_bbox
0065.jpg,no_bbox
0066.jpg,no_bbox
0067.jpg,no_bbox
0068.jpg,no_bbox
0070.jpg,no_bbox
0071.jpg,no_bbox
0072.jpg,no_bbox
0073.jpg,no_bbox
0074.jpg,no_bbox
0075.jpg,no_bbox
0076.jpg,no_bbox
0077.jpg,no_bbox
0078.jpg,no_bbox
0080.jpg,no_bbox
0081.jpg,no_bbox
0084.jpg,no_bbox
0085.jpg,no_bbox
0086.jpg,no_bbox
0088.jpg,no_bbox
0089.jpg,no_bbox
0092.jpg,no_bbox
0093.jpg,no_bbox
0096.jpg,no_bbox
0097.jpg,no_bbox
0098.jpg,no_bbox
0099.jpg,no_bbox
0100.jpg,no_bbox
0102.jpg,no_bbox
0103.jpg,no_bbox
0104.jpg,no_bbox
0105.jpg,no_bbox
0106.jpg,no_bbox
0107.jpg,no_bbox
0108.jpg,no_bbox
0109.jpg,no_bbox
0110.jpg,no_bbox
0111.jpg,no_bbox
0112.jpg,no_bbox
0113.jpg,no_bbox
0115.jpg,no_bbox
0116.jpg,no_bbox
0117.jpg,no_bbox
0118.jpg,no_bbox
0119.jpg,no_bbox
0120.jpg,no_bbox
0121.jpg,no_bbox
0123.jpg,no_bbox
0124.jpg,no_bbox
0125.jpg,no_bbox
0126.jpg,no_bbox
0127.jpg,no_bbox
0129.jpg,no_bbox
0130.jpg,no_bbox
0132.jpg,no_bbox
0133.jpg,no_bbox
0134.jpg,no_bbox
0135.jpg,no_bbox
0136.jpg,no_bbox
0137.jpg,no_bbox
0138.jpg,no_bbox
0139.jpg,no_bbox
0140.jpg,no_bbox
0141.jpg,no_bbox
0142.jpg,no_bbox
0145.jpg,no_bbox
0146.jpg,no_bbox
0150.jpg,no_bbox
0151.jpg,no_bbox
0152.jpg,no_bbox
0153.jpg,no_bbox
0155.jpg,no_bbox
0156.jpg,no_bbox
0158.jpg,no_bbox
0161.jpg,no_bbox
0162.jpg,no_bbox
0163.jpg,no_bbox
0164.jpg,no_bbox
0165.jpg,no_bbox
0166.jpg,no_bbox
0167.jpg,no_bbox
0168.jpg,no_bbox
0169.jpg,no_bbox
0170.jpg,no_bbox
0172.jpg,no_bbox
0173.jpg,no_bbox
0175.jpg,no_bbox
0176.jpg,no_bbox
0178.jpg,no_bbox
0179.jpg,no_bbox
0180.jpg,no_bbox
0181.jpg,no_bbox
0182.jpg,no_bbox
0183.jpg,no_bbox
0184.jpg,no_bbox
0185.jpg,no_bbox
0186.jpg,no_bbox
0187.jpg,no_bbox
0188.jpg,no_bbox
0189.jpg,no_bbox
0190.jpg,no_bbox
0191.jpg,no_bbox
0192.jpg,no_bbox
0193.jpg,no_bbox
0194.jpg,no_bbox
0195.jpg,no_bbox
0197.jpg,no_bbox
0198.jpg,no_bbox
0200.jpg,no_bbox
0201.jpg,no_bbox
0202.jpg,no_bbox
0203.jpg,no_bbox
0204.jpg,no_bbox
0205.jpg,no_bbox
0207.jpg,no_bbox
0208.jpg,no_bbox
0210.jpg,no_bbox
0211.jpg,no_bbox
0212.jpg,no_bbox
0213.jpg,no_bbox
0214.jpg,no_bbox
0215.jpg,no_bbox
0216.jpg,no_bbox
0217.jpg,no_bbox
0220.jpg,no_bbox
0221.jpg,no_bbox
0222.jpg,no_bbox
0223.jpg,no_bbox
0224.jpg,no_bbox
0225.jpg,no_bbox
0227.jpg,no_bbox
0228.jpg,no_bbox
0229.jpg,no_bbox
0230.jpg,no_bbox
0231.jpg,no_bbox
0232.jpg,no_bbox
0234.jpg,no_bbox
0235.jpg,no_bbox
0236.jpg,no_bbox
0237.jpg,no_bbox
0238.jpg,no_bbox
0239.jpg,no_bbox
0241.jpg,no_bbox
0242.jpg,no_bbox
0243.jpg,no_bbox
0244.jpg,no_bbox
0245.jpg,no_bbox
0247.jpg,no_bbox
0248.jpg,no_bbox
0249.jpg,no_bbox
0251.jpg,no_bbox
0252.jpg,no_bbox
0253.jpg,no_bbox
0254.jpg,no_bbox
0255.jpg,no_bbox
0258.jpg,no_bbox
0259.jpg,no_bbox
0262.jpg,no_bbox
0263.jpg,no_bbox
0265.jpg,no_bbox
0266.jpg,no_bbox
0267.jpg,no_bbox
0269.jpg,no_bbox
0270.jpg,no_bbox
0272.jpg,no_bbox
0273.jpg,no_bbox
0274.jpg,no_bbox
0276.jpg,no_bbox
0277.jpg,no_bbox
0278.jpg,no_bbox
0279.jpg,no_bbox
0281.jpg,no_bbox
0282.jpg,no_bbox
0284.jpg,no_bbox
0285.jpg,no_bbox
0287.jpg,no_bbox
0288.jpg,no_bbox
0290.jpg,no_bbox
0292.jpg,no_bbox
0293.jpg,no_bbox
0294.jpg,no_bbox
0295.jpg,no_bbox
0296.jpg,no_bbox
0298.jpg,no_bbox
0301.jpg,no_bbox
0302.jpg,no_bbox
0303.jpg,no_bbox
0304.jpg,no_bbox
0305.jpg,no_bbox
0307.jpg,no_bbox
0308.jpg,no_bbox
0309.jpg,no_bbox
0310.jpg,no_bbox
0311.jpg,no_bbox
0312.jpg,no_bbox
0314.jpg,no_bbox
0316.jpg,no_bbox
0317.jpg,no_bbox
0318.jpg,no_bbox
0320.jpg,no_bbox
0321.jpg,no_bbox
0322.jpg,no_bbox
0324.jpg,no_bbox
0326.jpg,no_bbox
0327.jpg,no_bbox
0328.jpg,no_bbox
0330.jpg,no_bbox
0331.jpg,no_bbox
0332.jpg,no_bbox
0333.jpg,no_bbox
0335.jpg,no_bbox
0336.jpg,no_bbox
0338.jpg,no_bbox
0339.jpg,no_bbox
0340.jpg,no_bbox
0342.jpg,no_bbox
0343.jpg,no_bbox
0344.jpg,no_bbox
0345.jpg,no_bbox
0346.jpg,no_bbox
0347.jpg,no_bbox
0348.jpg,no_bbox
0349.jpg,no_bbox
0350.jpg,no_bbox
0351.jpg,no_bbox
0353.jpg,no_bbox
0354.jpg,no_bbox
0355.jpg,no_bbox
0356.jpg,no_bbox
0357.jpg,no_bbox
0358.jpg,no_bbox
0359.jpg,no_bbox
0360.jpg,no_bbox
0361.jpg,no_bbox
0362.jpg,no_bbox
0363.jpg,no_bbox
0364.jpg,no_bbox
0365.jpg,no_bbox
0366.jpg,no_bbox
0367.jpg,no_bbox
0368.jpg,no_bbox
0369.jpg,no_bbox
0370.jpg,no_bbox
0371.jpg,no_bbox
0372.jpg,no_bbox
0373.jpg,no_bbox
0374.jpg,no_bbox
0376.jpg,no_bbox
0377.jpg,no_bbox
0379.jpg,no_bbox
0380.jpg,no_bbox
0381.jpg,no_bbox
0382.jpg,no_bbox
0383.jpg,no_bbox
0384.jpg,no_bbox
0385.jpg,no_bbox
0387.jpg,no_bbox
0389.jpg,no_bbox
0390.jpg,no_bbox
0391.jpg,no_bbox
0393.jpg,no_bbox
0394.jpg,no_bbox
0396.jpg,no_bbox
0398.jpg,no_bbox
0399.jpg,no_bbox
0400.jpg,no_bbox
0401.jpg,no_bbox
0402.jpg,no_bbox
0403.jpg,no_bbox
0404.jpg,no_bbox
0405.jpg,no_bbox
0406.jpg,no_bbox
0407.jpg,no_bbox
0408.jpg,no_bbox
0409.jpg,no_bbox
0410.jpg,no_bbox
0411.jpg,no_bbox
0413.jpg,no_bbox
0415.jpg,no_bbox
0416.jpg,no_bbox
0418.jpg,no_bbox
0419.jpg,no_bbox
0421.jpg,no_bbox
0422.jpg,no_bbox
0423.jpg,no_bbox
0424.jpg,no_bbox
0426.jpg,no_bbox
0427.jpg,no_bbox
0428.jpg,no_bbox
0429.jpg,no_bbox
0430.jpg,no_bbox
0431.jpg,no_bbox
0432.jpg,no_bbox
0433.jpg,no_bbox
0434.jpg,no_bbox
0435.jpg,no_bbox
0436.jpg,no_bbox
0439.jpg,no_bbox
0440.jpg,no_bbox
0442.jpg,no_bbox
0443.jpg,no_bbox
0444.jpg,no_bbox
0445.jpg,no_bbox
0446.jpg,no_bbox
0447.jpg,no_bbox
0448.jpg,no_bbox
0451.jpg,no_bbox
0452.jpg,no_bbox
0453.jpg,no_bbox
0455.jpg,no_bbox
0456.jpg,no_bbox
0457.jpg,no_bbox
0459.jpg,no_bbox
0461.jpg,no_bbox
0463.jpg,no_bbox
0465.jpg,no_bbox
0466.jpg,no_bbox
0467.jpg,no_bbox
0468.jpg,no_bbox
0469.jpg,no_bbox
0473.jpg,no_bbox
0475.jpg,no_bbox
0476.jpg,no_bbox
0477.jpg,no_bbox
0478.jpg,no_bbox
0480.jpg,no_bbox
0481.jpg,no_bbox
0482.jpg,no_bbox
0483.jpg,no_bbox
0486.jpg,no_bbox
0487.jpg,no_bbox
0488.jpg,no_bbox
0489.jpg,no_bbox
0490.jpg,no_bbox
0491.jpg,no_bbox
0493.jpg,no_bbox
0495.jpg,no_bbox
0496.jpg,no_bbox
0497.jpg,no_bbox
0499.jpg,no_bbox
0501.jpg,no_bbox
0502.jpg,no_bbox
0503.jpg,no_bbox
0504.jpg,no_bbox
0506.jpg,no_bbox
0507.jpg,no_bbox
0508.jpg,no_bbox
0509.jpg,no_bbox
0510.jpg,no_bbox
0511.jpg,no_bbox
0512.jpg,no_bbox
0513.jpg,no_bbox
0514.jpg,no_bbox
0516.jpg,no_bbox
0517.jpg,no_bbox
0518.jpg,no_bbox
0520.jpg,no_bbox
0521.jpg,no_bbox
0522.jpg,no_bbox
0523.jpg,no_bbox
0524.jpg,no_bbox
0525.jpg,no_bbox
0526.jpg,no_bbox
0528.jpg,no_bbox
0529.jpg,no_bbox
0530.jpg,no_bbox
0531.jpg,no_bbox
0533.jpg,no_bbox
0535.jpg,no_bbox
0536.jpg,no_bbox
0537.jpg,no_bbox
0538.jpg,no_bbox
0539.jpg,no_bbox
0540.jpg,no_bbox
0541.jpg,no_bbox
0542.jpg,no_bbox
0543.jpg,no_bbox
0544.jpg,no_bbox
0545.jpg,no_bbox
0546.jpg,no_bbox
0547.jpg,no_bbox
0548.jpg,no_bbox
0549.jpg,no_bbox
0551.jpg,no_bbox
0552.jpg,no_bbox
0553.jpg,no_bbox
0555.jpg,no_bbox
0556.jpg,no_bbox
0558.jpg,no_bbox
0561.jpg,no_bbox
0562.jpg,no_bbox
0564.jpg,no_bbox
0566.jpg,no_bbox
0567.jpg,no_bbox
0568.jpg,no_bbox
0570.jpg,no_bbox
0572.jpg,no_bbox
0573.jpg,no_bbox
0574.jpg,no_bbox
0576.jpg,no_bbox
0577.jpg,no_bbox
0579.jpg,no_bbox
0580.jpg,no_bbox
0582.jpg,no_bbox
0584.jpg,no_bbox
0586.jpg,no_bbox
0587.jpg,no_bbox
0589.jpg,no_bbox
0590.jpg,no_bbox
0591.jpg,no_bbox
0592.jpg,no_bbox
0593.jpg,no_bbox
0594.jpg,no_bbox
0596.jpg,no_bbox
0597.jpg,no_bbox
0598.jpg,no_bbox
0599.jpg,no_bbox
0601.jpg,no_bbox
0602.jpg,no_bbox
0603.jpg,no_bbox
0604.jpg,no_bbox
0605.jpg,no_bbox
0606.jpg,no_bbox
0607.jpg,no_bbox
0608.jpg,no_bbox
0609.jpg,no_bbox
0612.jpg,no_bbox
0613.jpg,no_bbox
0614.jpg,no_bbox
0617.jpg,no_bbox
0618.jpg,no_bbox
0619.jpg,no_bbox
0620.jpg,no_bbox
0621.jpg,no_bbox
0623.jpg,no_bbox
0624.jpg,no_bbox
0625.jpg,no_bbox
0626.jpg,no_bbox
0627.jpg,no_bbox
0628.jpg,no_bbox
0629.jpg,no_bbox
0630.jpg,no_bbox
0631.jpg,no_bbox
0632.jpg,no_bbox
0633.jpg,no_bbox
0634.jpg,no_bbox
0637.jpg,no_bbox
0638.jpg,no_bbox
0639.jpg,no_bbox
0641.jpg,no_bbox
0642.jpg,no_bbox
0643.jpg,no_bbox
0644.jpg,no_bbox
0645.jpg,no_bbox
0646.jpg,no_bbox
0647.jpg,no_bbox
0648.jpg,no_bbox
0652.jpg,no_bbox
0653.jpg,no_bbox
0654.jpg,no_bbox
0658.jpg,no_bbox
0659.jpg,no_bbox
0660.jpg,no_bbox
0664.jpg,no_bbox
0665.jpg,no_bbox
0669.jpg,no_bbox
0671.jpg,no_bbox
0672.jpg,no_bbox
0673.jpg,no_bbox
0674.jpg,no_bbox
0675.jpg,no_bbox
0676.jpg,no_bbox
0678.jpg,no_bbox
0682.jpg,no_bbox
0683.jpg,no_bbox
0686.jpg,no_bbox
0687.jpg,no_bbox
0688.jpg,no_bbox
0689.jpg,no_bbox
0690.jpg,no_bbox
0691.jpg,no_bbox
0692.jpg,no_bbox
0693.jpg,no_bbox
0694.jpg,no_bbox
0695.jpg,no_bbox
0696.jpg,no_bbox
0698.jpg,no_bbox
0699.jpg,no_bbox
0700.jpg,no_bbox
0701.jpg,no_bbox
0702.jpg,no_bbox
0703.jpg,no_bbox
0707.jpg,no_bbox
0708.jpg,no_bbox
0709.jpg,no_bbox
0710.jpg,no_bbox
0711.jpg,no_bbox
0713.jpg,no_bbox
0715.jpg,no_bbox
0716.jpg,no_bbox
0717.jpg,no_bbox
0718.jpg,no_bbox
0719.jpg,no_bbox
0720.jpg,no_bbox
0721.jpg,no_bbox
0722.jpg,no_bbox
0724.jpg,no_bbox
0726.jpg,no_bbox
0727.jpg,no_bbox
0728.jpg,no_bbox
0730.jpg,no_bbox
0731.jpg,no_bbox
0732.jpg,no_bbox
0733.jpg,no_bbox
0734.jpg,no_bbox
0735.jpg,no_bbox
0736.jpg,no_bbox
0738.jpg,no_bbox
0739.jpg,no_bbox
0740.jpg,no_bbox
0741.jpg,no_bbox
0742.jpg,no_bbox
0743.jpg,no_bbox
0744.jpg,no_bbox
0745.jpg,no_bbox
0746.jpg,no_bbox
0747.jpg,no_bbox
0748.jpg,no_bbox
0749.jpg,no_bbox
0750.jpg,no_bbox
0751.jpg,no_bbox
0752.jpg,no_bbox
0753.jpg,no_bbox
0754.jpg,no_bbox
0755.jpg,no_bbox
0756.jpg,no_bbox
0758.jpg,no_bbox
0759.jpg,no_bbox
0760.jpg,no_bbox
0761.jpg,no_bbox
0762.jpg,no_bbox
0763.jpg,no_bbox
0764.jpg,no_bbox
0768.jpg,no_bbox
0770.jpg,no_bbox
0771.jpg,no_bbox
0773.jpg,no_bbox
0774.jpg,no_bbox
0775.jpg,no_bbox
0777.jpg,no_bbox
0778.jpg,no_bbox
0779.jpg,no_bbox
0780.jpg,no_bbox
0782.jpg,no_bbox
0783.jpg,no_bbox
0784.jpg,no_bbox
0785.jpg,no_bbox
0786.jpg,no_bbox
0787.jpg,no_bbox
0789.jpg,no_bbox
0790.jpg,no_bbox
0791.jpg,no_bbox
0792.jpg,no_bbox
0793.jpg,no_bbox
0795.jpg,no_bbox
0796.jpg,no_bbox
0797.jpg,no_bbox
0798.jpg,no_bbox
0800.jpg,no_bbox
0801.jpg,no_bbox
0802.jpg,no_bbox
0803.jpg,no_bbox
0804.jpg,no_bbox
0805.jpg,no_bbox
0806.jpg,no_bbox
0807.jpg,no_bbox
0808.jpg,no_bbox
0810.jpg,no_bbox
0811.jpg,no_bbox
0815.jpg,no_bbox
0816.jpg,no_bbox
0817.jpg,no_bbox
0819.jpg,no_bbox
0821.jpg,no_bbox
0826.jpg,no_bbox
0827.jpg,no_bbox
0828.jpg,no_bbox
0829.jpg,no_bbox
0830.jpg,no_bbox
0831.jpg,no_bbox
0832.jpg,no_bbox
0833.jpg,no_bbox
0834.jpg,no_bbox
0835.jpg,no_bbox
0836.jpg,no_bbox
0837.jpg,no_bbox
0838.jpg,no_bbox
0839.jpg,no_bbox
0841.jpg,no_bbox
0842.jpg,no_bbox
0843.jpg,no_bbox
0844.jpg,no_bbox
0845.jpg,no_bbox
0848.jpg,no_bbox
0849.jpg,no_bbox
0852.jpg,no_bbox
0853.jpg,no_bbox
0855.jpg,no_bbox
0856.jpg,no_bbox
0857.jpg,no_bbox
0858.jpg,no_bbox
0859.jpg,no_bbox
0860.jpg,no_bbox
0862.jpg,no_bbox
0863.jpg,no_bbox
0864.jpg,no_bbox
0865.jpg,no_bbox
0866.jpg,no_bbox
0868.jpg,no_bbox
0869.jpg,no_bbox
0870.jpg,no_bbox
0871.jpg,no_bbox
0872.jpg,no_bbox
0873.jpg,no_bbox
0874.jpg,no_bbox
0875.jpg,no_bbox
0876.jpg,no_bbox
0878.jpg,no_bbox
0879.jpg,no_bbox
0882.jpg,no_bbox
0884.jpg,no_bbox
0885.jpg,no_bbox
0886.jpg,no_bbox
0887.jpg,no_bbox
0888.jpg,no_bbox
0889.jpg,no_bbox
0890.jpg,no_bbox
0891.jpg,no_bbox
0893.jpg,no_bbox
0896.jpg,no_bbox
0897.jpg,no_bbox
0898.jpg,no_bbox
0899.jpg,no_bbox
0900.jpg,no_bbox
0901.jpg,no_bbox
0902.jpg,no_bbox
0904.jpg,no_bbox
0905.jpg,no_bbox
0906.jpg,no_bbox
0907.jpg,no_bbox
0908.jpg,no_bbox
0909.jpg,no_bbox
0910.jpg,no_bbox
0911.jpg,no_bbox
0912.jpg,no_bbox
0913.jpg,no_bbox
0914.jpg,no_bbox
0915.jpg,no_bbox
0916.jpg,no_bbox
0918.jpg,no_bbox
0920.jpg,no_bbox
0921.jpg,no_bbox
0922.jpg,no_bbox
0923.jpg,no_bbox
0925.jpg,no_bbox
0926.jpg,no_bbox
0927.jpg,no_bbox
0931.jpg,no_bbox
0932.jpg,no_bbox
0933.jpg,no_bbox
0936.jpg,no_bbox
0938.jpg,no_bbox
0939.jpg,no_bbox
0940.jpg,no_bbox
0941.jpg,no_bbox
0942.jpg,no_bbox
0943.jpg,no_bbox
0945.jpg,no_bbox
0946.jpg,no_bbox
0947.jpg,no_bbox
0949.jpg,no_bbox
0950.jpg,no_bbox
0951.jpg,no_bbox
0952.jpg,no_bbox
0954.jpg,no_bbox
0956.jpg,no_bbox
0957.jpg,no_bbox
0958.jpg,no_bbox
0961.jpg,no_bbox
0962.jpg,no_bbox
0963.jpg,no_bbox
0964.jpg,no_bbox
0965.jpg,no_bbox
0966.jpg,no_bbox
0967.jpg,no_bbox
0968.jpg,no_bbox
0969.jpg,no_bbox
0970.jpg,no_bbox
0971.jpg,no_bbox
0972.jpg,no_bbox
0973.jpg,no_bbox
0974.jpg,no_bbox
0976.jpg,no_bbox
0978.jpg,no_bbox
0980.jpg,no_bbox
0981.jpg,no_bbox
0982.jpg,no_bbox
0983.jpg,no_bbox
0985.jpg,no_bbox
0986.jpg,no_bbox
0987.jpg,no_bbox
0989.jpg,no_bbox
0991.jpg,no_bbox
0993.jpg,no_bbox
0994.jpg,no_bbox
0995.jpg,no_bbox
0996.jpg,no_bbox
0997.jpg,no_bbox
0998.jpg,no_bbox
0999.jpg,no_bbox
1000.jpg,no_bbox
1001.jpg,no_bbox
1002.jpg,no_bbox
1003.jpg,no_bbox
1004.jpg,no_bbox
1006.jpg,no_bbox
1007.jpg,no_bbox
1008.jpg,no_bbox
1009.jpg,no_bbox
1010.jpg,no_bbox
1011.jpg,no_bbox
1012.jpg,no_bbox
1014.jpg,no_bbox
1015.jpg,no_bbox
1016.jpg,no_bbox
1017.jpg,no_bbox
1021.jpg,no_bbox
1022.jpg,no_bbox
1023.jpg,no_bbox
1024.jpg,no_bbox
1026.jpg,no_bbox
1028.jpg,no_bbox
1029.jpg,no_bbox
1030.jpg,no_bbox
1031.jpg,no_bbox
1033.jpg,no_bbox
1034.jpg,no_bbox
1035.jpg,no_bbox
1036.jpg,no_bbox
1037.jpg,no_bbox
1038.jpg,no_bbox
1039.jpg,no_bbox
1040.jpg,no_bbox
1041.jpg,no_bbox
1042.jpg,no_bbox
1043.jpg,no_bbox
1044.jpg,no_bbox
1045.jpg,no_bbox
1046.jpg,no_bbox
1047.jpg,no_bbox
1048.jpg,no_bbox
1049.jpg,no_bbox
1050.jpg,no_bbox
1051.jpg,no_bbox
1052.jpg,no_bbox
1053.jpg,no_bbox
1054.jpg,no_bbox
1055.jpg,no_bbox
1056.jpg,no_bbox
1059.jpg,no_bbox
1060.jpg,no_bbox
1062.jpg,no_bbox
1063.jpg,no_bbox
1064.jpg,no_bbox
1065.jpg,no_bbox
1067.jpg,no_bbox
1068.jpg,no_bbox
1069.jpg,no_bbox
1070.jpg,no_bbox
1072.jpg,no_bbox
1073.jpg,no_bbox
1075.jpg,no_bbox
1076.jpg,no_bbox
1078.jpg,no_bbox
1079.jpg,no_bbox
1080.jpg,no_bbox
1081.jpg,no_bbox
1082.jpg,no_bbox
1083.jpg,no_bbox
1084.jpg,no_bbox
1085.jpg,no_bbox
1087.jpg,no_bbox
1088.jpg,no_bbox
1089.jpg,no_bbox
1090.jpg,no_bbox
1091.jpg,no_bbox
1092.jpg,no_bbox
1093.jpg,no_bbox
1095.jpg,no_bbox
1096.jpg,no_bbox
1097.jpg,no_bbox
1098.jpg,no_bbox
1099.jpg,no_bbox
1100.jpg,no_bbox
1101.jpg,no_bbox
1103.jpg,no_bbox
1105.jpg,no_bbox
1106.jpg,no_bbox
1107.jpg,no_bbox
1109.jpg,no_bbox
1110.jpg,no_bbox
1111.jpg,no_bbox
1112.jpg,no_bbox
1115.jpg,no_bbox
1116.jpg,no_bbox
1117.jpg,no_bbox
1118.jpg,no_bbox
1119.jpg,no_bbox
1120.jpg,no_bbox
1121.jpg,no_bbox
1122.jpg,no_bbox
1123.jpg,no_bbox
1124.jpg,no_bbox
1126.jpg,no_bbox
1127.jpg,no_bbox
1129.jpg,no_bbox
1130.jpg,no_bbox
1131.jpg,no_bbox
1132.jpg,no_bbox
1134.jpg,no_bbox
1135.jpg,no_bbox
1137.jpg,no_bbox
1138.jpg,no_bbox
1139.jpg,no_bbox
1141.jpg,no_bbox
1142.jpg,no_bbox
1143.jpg,no_bbox
1146.jpg,no_bbox
1147.jpg,no_bbox
1148.jpg,no_bbox
1149.jpg,no_bbox
1150.jpg,no_bbox
1153.jpg,no_bbox
1154.jpg,no_bbox
1155.jpg,no_bbox
1156.jpg,no_bbox
1157.jpg,no_bbox
1158.jpg,no_bbox
1159.jpg,no_bbox
1160.jpg,no_bbox
1161.jpg,no_bbox
1162.jpg,no_bbox
1164.jpg,no_bbox
1165.jpg,no_bbox
1166.jpg,no_bbox
1167.jpg,no_bbox
1169.jpg,no_bbox
1170.jpg,no_bbox
1171.jpg,no_bbox
1172.jpg,no_bbox
1173.jpg,no_bbox
1174.jpg,no_bbox
1175.jpg,no_bbox
1176.jpg,no_bbox
1179.jpg,no_bbox
1181.jpg,no_bbox
1182.jpg,no_bbox
1183.jpg,no_bbox
1184.jpg,no_bbox
1185.jpg,no_bbox
1186.jpg,no_bbox
1187.jpg,no_bbox
1189.jpg,no_bbox
1190.jpg,no_bbox
1191.jpg,no_bbox
1192.jpg,no_bbox
1193.jpg,no_bbox
1196.jpg,no_bbox
1197.jpg,no_bbox
1198.jpg,no_bbox
1199.jpg,no_bbox
1200.jpg,no_bbox
1201.jpg,no_bbox
1203.jpg,no_bbox
1204.jpg,no_bbox
1205.jpg,no_bbox
1206.jpg,no_bbox
1207.jpg,no_bbox
1208.jpg,no_bbox
1209.jpg,no_bbox
1210.jpg,no_bbox
1212.jpg,no_bbox
1213.jpg,no_bbox
1214.jpg,no_bbox
1216.jpg,no_bbox
1217.jpg,no_bbox
1218.jpg,no_bbox
1220.jpg,no_bbox
1221.jpg,no_bbox
1222.jpg,no_bbox
1223.jpg,no_bbox
1224.jpg,no_bbox
1226.jpg,no_bbox
1228.jpg,no_bbox
1230.jpg,no_bbox
1232.jpg,no_bbox
1234.jpg,no_bbox
1235.jpg,no_bbox
1236.jpg,no_bbox
1237.jpg,no_bbox
1238.jpg,no_bbox
1239.jpg,no_bbox
1240.jpg,no_bbox
1241.jpg,no_bbox
1245.jpg,no_bbox
1246.jpg,no_bbox
1247.jpg,no_bbox
1248.jpg,no_bbox
1249.jpg,no_bbox
1250.jpg,no_bbox
1253.jpg,no_bbox
1254.jpg,no_bbox
1255.jpg,no_bbox
1256.jpg,no_bbox
1259.jpg,no_bbox
1260.jpg,no_bbox
1264.jpg,no_bbox
1265.jpg,no_bbox
1268.jpg,no_bbox
1269.jpg,no_bbox
1271.jpg,no_bbox
1272.jpg,no_bbox
1274.jpg,no_bbox
1276.jpg,no_bbox
1277.jpg,no_bbox
1278.jpg,no_bbox
1282.jpg,no_bbox
1286.jpg,no_bbox
1289.jpg,no_bbox
1291.jpg,no_bbox
1292.jpg,no_bbox
1293.jpg,no_bbox
1294.jpg,no_bbox
1295.jpg,no_bbox
1297.jpg,no_bbox
1298.jpg,no_bbox
1299.jpg,no_bbox
1300.jpg,no_bbox
1301.jpg,no_bbox
1302.jpg,no_bbox
1303.jpg,no_bbox
1305.jpg,no_bbox
1307.jpg,no_bbox
1308.jpg,no_bbox
1309.jpg,no_bbox
1312.jpg,no_bbox
1313.jpg,no_bbox
1314.jpg,no_bbox
1315.jpg,no_bbox
1316.jpg,no_bbox
1317.jpg,no_bbox
1319.jpg,no_bbox
1320.jpg,no_bbox
1322.jpg,no_bbox
1324.jpg,no_bbox
1325.jpg,no_bbox
1326.jpg,no_bbox
1327.jpg,no_bbox
1328.jpg,no_bbox
1329.jpg,no_bbox
1330.jpg,no_bbox
1331.jpg,no_bbox
1333.jpg,no_bbox
1334.jpg,no_bbox
1335.jpg,no_bbox
1337.jpg,no_bbox
1338.jpg,no_bbox
1339.jpg,no_bbox
1340.jpg,no_bbox
1341.jpg,no_bbox
1342.jpg,no_bbox
1343.jpg,no_bbox
1345.jpg,no_bbox
1346.jpg,no_bbox
1348.jpg,no_bbox
1349.jpg,no_bbox
1350.jpg,no_bbox
1351.jpg,no_bbox
1352.jpg,no_bbox
1353.jpg,no_bbox
1354.jpg,no_bbox
1356.jpg,no_bbox
1357.jpg,no_bbox
1360.jpg,no_bbox
1361.jpg,no_bbox
1362.jpg,no_bbox
1363.jpg,no_bbox
1364.jpg,no_bbox
1365.jpg,no_bbox
1366.jpg,no_bbox
1367.jpg,no_bbox
1368.jpg,no_bbox
1369.jpg,no_bbox
1370.jpg,no_bbox
1371.jpg,no_bbox
1372.jpg,no_bbox
1373.jpg,no_bbox
1374.jpg,no_bbox
1375.jpg,no_bbox
1376.jpg,no_bbox
1377.jpg,no_bbox
1379.jpg,no_bbox
1381.jpg,no_bbox
1382.jpg,no_bbox
1383.jpg,no_bbox
1384.jpg,no_bbox
1385.jpg,no_bbox
1386.jpg,no_bbox
1387.jpg,no_bbox
1388.jpg,no_bbox
1389.jpg,no_bbox
1390.jpg,no_bbox
1393.jpg,no_bbox
1394.jpg,no_bbox
1395.jpg,no_bbox
1396.jpg,no_bbox
1397.jpg,no_bbox
1398.jpg,no_bbox
1401.jpg,no_bbox
1402.jpg,no_bbox
1403.jpg,no_bbox
1404.jpg,no_bbox
1405.jpg,no_bbox
1406.jpg,no_bbox
1407.jpg,no_bbox
1410.jpg,no_bbox
1411.jpg,no_bbox
1412.jpg,no_bbox
1413.jpg,no_bbox
1414.jpg,no_bbox
1415.jpg,no_bbox
1416.jpg,no_bbox
1417.jpg,no_bbox
1418.jpg,no_bbox
1420.jpg,no_bbox
1421.jpg,no_bbox
1422.jpg,no_bbox
1423.jpg,no_bbox
1424.jpg,no_bbox
1425.jpg,no_bbox
1426.jpg,no_bbox
1427.jpg,no_bbox
1428.jpg,no_bbox
1429.jpg,no_bbox
1430.jpg,no_bbox
1431.jpg,no_bbox
1432.jpg,no_bbox
1433.jpg,no_bbox
1435.jpg,no_bbox
1437.jpg,no_bbox
1438.jpg,no_bbox
1440.jpg,no_bbox
1441.jpg,no_bbox
1443.jpg,no_bbox
1444.jpg,no_bbox
1446.jpg,no_bbox
1447.jpg,no_bbox
1448.jpg,no_bbox
1450.jpg,no_bbox
1451.jpg,no_bbox
1452.jpg,no_bbox
1453.jpg,no_bbox
1454.jpg,no_bbox
1455.jpg,no_bbox
1456.jpg,no_bbox
1457.jpg,no_bbox
1458.jpg,no_bbox
1459.jpg,no_bbox
1460.jpg,no_bbox
1461.jpg,no_bbox
1463.jpg,no_bbox
1465.jpg,no_bbox
1466.jpg,no_bbox
1467.jpg,no_bbox
1468.jpg,no_bbox
1469.jpg,no_bbox
1470.jpg,no_bbox
1471.jpg,no_bbox
1472.jpg,no_bbox
1473.jpg,no_bbox
1474.jpg,no_bbox
1475.jpg,no_bbox
1476.jpg,no_bbox
1477.jpg,no_bbox
1478.jpg,no_bbox
1482.jpg,no_bbox
1483.jpg,no_bbox
1484.jpg,no_bbox
1486.jpg,no_bbox
1488.jpg,no_bbox
1489.jpg,no_bbox
1490.jpg,no_bbox
1491.jpg,no_bbox
1492.jpg,no_bbox
1493.jpg,no_bbox
1494.jpg,no_bbox
1495.jpg,no_bbox
1496.jpg,no_bbox
1497.jpg,no_bbox
1498.jpg,no_bbox
1499.jpg,no_bbox
1501.jpg,no_bbox
1503.jpg,no_bbox
1505.jpg,no_bbox
1506.jpg,no_bbox
1507.jpg,no_bbox
1509.jpg,no_bbox
1511.jpg,no_bbox
1512.jpg,no_bbox
1513.jpg,no_bbox
1515.jpg,no_bbox
1516.jpg,no_bbox
1517.jpg,no_bbox
1518.jpg,no_bbox
1519.jpg,no_bbox
1520.jpg,no_bbox
1521.jpg,no_bbox
1522.jpg,no_bbox
1523.jpg,no_bbox
1524.jpg,no_bbox
1525.jpg,no_bbox
1526.jpg,no_bbox
1527.jpg,no_bbox
1528.jpg,no_bbox
1529.jpg,no_bbox
1530.jpg,no_bbox
1531.jpg,no_bbox
1532.jpg,no_bbox
1533.jpg,no_bbox
1535.jpg,no_bbox
1536.jpg,no_bbox
1537.jpg,no_bbox
1538.jpg,no_bbox
1541.jpg,no_bbox
1543.jpg,no_bbox
1544.jpg,no_bbox
1545.jpg,no_bbox
1546.jpg,no_bbox
1547.jpg,no_bbox
1548.jpg,no_bbox
1550.jpg,no_bbox
1552.jpg,no_bbox
1553.jpg,no_bbox
1555.jpg,no_bbox
1561.jpg,no_bbox
1562.jpg,no_bbox
1563.jpg,no_bbox
1564.jpg,no_bbox
1565.jpg,no_bbox
1566.jpg,no_bbox
1567.jpg,no_bbox
1569.jpg,no_bbox
1570.jpg,no_bbox
1571.jpg,no_bbox
1573.jpg,no_bbox
1574.jpg,no_bbox
1575.jpg,no_bbox
1577.jpg,no_bbox
1578.jpg,no_bbox
1579.jpg,no_bbox
1580.jpg,no_bbox
1582.jpg,no_bbox
1583.jpg,no_bbox
1584.jpg,no_bbox
1585.jpg,no_bbox
1586.jpg,no_bbox
1587.jpg,no_bbox
1588.jpg,no_bbox
1589.jpg,no_bbox
1590.jpg,no_bbox
1592.jpg,no_bbox
1597.jpg,no_bbox
1598.jpg,no_bbox
1599.jpg,no_bbox
1601.jpg,no_bbox
1602.jpg,no_bbox
1604.jpg,no_bbox
1606.jpg,no_bbox
1607.jpg,no_bbox
1608.jpg,no_bbox
1611.jpg,no_bbox
1612.jpg,no_bbox
1613.jpg,no_bbox
1614.jpg,no_bbox
1615.jpg,no_bbox
1616.jpg,no_bbox
1618.jpg,no_bbox
1620.jpg,no_bbox
1621.jpg,no_bbox
1622.jpg,no_bbox
1624.jpg,no_bbox
1625.jpg,no_bbox
1626.jpg,no_bbox
1627.jpg,no_bbox
1628.jpg,no_bbox
1630.jpg,no_bbox
1632.jpg,no_bbox
1633.jpg,no_bbox
1634.jpg,no_bbox
1635.jpg,no_bbox
1636.jpg,no_bbox
1637.jpg,no_bbox
1638.jpg,no_bbox
1639.jpg,no_bbox
1640.jpg,no_bbox
1641.jpg,no_bbox
1642.jpg,no_bbox
1644.jpg,no_bbox
1645.jpg,no_bbox
1646.jpg,no_bbox
1647.jpg,no_bbox
1648.jpg,no_bbox
1649.jpg,no_bbox
1651.jpg,no_bbox
1652.jpg,no_bbox
1653.jpg,no_bbox
1654.jpg,no_bbox
1656.jpg,no_bbox
1657.jpg,no_bbox
1659.jpg,no_bbox
1660.jpg,no_bbox
1664.jpg,no_bbox
1665.jpg,no_bbox
1666.jpg,no_bbox
1667.jpg,no_bbox
1668.jpg,no_bbox
1669.jpg,no_bbox
1670.jpg,no_bbox
1671.jpg,no_bbox
1673.jpg,no_bbox
1674.jpg,no_bbox
1676.jpg,no_bbox
1677.jpg,no_bbox
1679.jpg,no_bbox
1680.jpg,no_bbox
1681.jpg,no_bbox
1682.jpg,no_bbox
1683.jpg,no_bbox
1684.jpg,no_bbox
1685.jpg,no_bbox
1686.jpg,no_bbox
1687.jpg,no_bbox
1689.jpg,no_bbox
1690.jpg,no_bbox
1691.jpg,no_bbox
1692.jpg,no_bbox
1693.jpg,no_bbox
1694.jpg,no_bbox
1696.jpg,no_bbox
1697.jpg,no_bbox
1698.jpg,no_bbox
1699.jpg,no_bbox
1700.jpg,no_bbox
1701.jpg,no_bbox
1702.jpg,no_bbox
1703.jpg,no_bbox
1705.jpg,no_bbox
1706.jpg,no_bbox
1707.jpg,no_bbox
1708.jpg,no_bbox
1709.jpg,no_bbox
1710.jpg,no_bbox
1711.jpg,no_bbox
1712.jpg,no_bbox
1713.jpg,no_bbox
1714.jpg,no_bbox
1715.jpg,no_bbox
1716.jpg,no_bbox
1717.jpg,no_bbox
1718.jpg,no_bbox
1719.jpg,no_bbox
1720.jpg,no_bbox
1722.jpg,no_bbox
1723.jpg,no_bbox
1724.jpg,no_bbox
1725.jpg,no_bbox
1727.jpg,no_bbox
1728.jpg,no_bbox
1729.jpg,no_bbox
1730.jpg,no_bbox
1732.jpg,no_bbox
1734.jpg,no_bbox
1735.jpg,no_bbox
1736.jpg,no_bbox
1737.jpg,no_bbox
1740.jpg,no_bbox
1741.jpg,no_bbox
1743.jpg,no_bbox
1744.jpg,no_bbox
1745.jpg,no_bbox
1746.jpg,no_bbox
1747.jpg,no_bbox
1748.jpg,no_bbox
1749.jpg,no_bbox
1750.jpg,no_bbox
1751.jpg,no_bbox
1752.jpg,no_bbox
1754.jpg,no_bbox
1755.jpg,no_bbox
1759.jpg,no_bbox
1760.jpg,no_bbox
1761.jpg,no_bbox
1762.jpg,no_bbox
1763.jpg,no_bbox
1765.jpg,no_bbox
1767.jpg,no_bbox
1768.jpg,no_bbox
1769.jpg,no_bbox
1770.jpg,no_bbox
1771.jpg,no_bbox
1772.jpg,no_bbox
1774.jpg,no_bbox
1775.jpg,no_bbox
1776.jpg,no_bbox
1777.jpg,no_bbox
1778.jpg,no_bbox
1779.jpg,no_bbox
1780.jpg,no_bbox
1783.jpg,no_bbox
1784.jpg,no_bbox
1785.jpg,no_bbox
1786.jpg,no_bbox
1787.jpg,no_bbox
1788.jpg,no_bbox
1790.jpg,no_bbox
1791.jpg,no_bbox
1792.jpg,no_bbox
1793.jpg,no_bbox
1794.jpg,no_bbox
1795.jpg,no_bbox
1796.jpg,no_bbox
1799.jpg,no_bbox
1800.jpg,no_bbox
1801.jpg,no_bbox
1802.jpg,no_bbox
1803.jpg,no_bbox
1804.jpg,no_bbox
1806.jpg,no_bbox
1807.jpg,no_bbox
1808.jpg,no_bbox
1809.jpg,no_bbox
1810.jpg,no_bbox
1811.jpg,no_bbox
1812.jpg,no_bbox
1813.jpg,no_bbox
1814.jpg,no_bbox
1815.jpg,no_bbox
1816.jpg,no_bbox
1817.jpg,no_bbox
1818.jpg,no_bbox
1819.jpg,no_bbox
1820.jpg,no_bbox
1821.jpg,no_bbox
1822.jpg,no_bbox
1824.jpg,no_bbox
1825.jpg,no_bbox
1827.jpg,no_bbox
1829.jpg,no_bbox
1830.jpg,no_bbox
1831.jpg,no_bbox
1832.jpg,no_bbox
1835.jpg,no_bbox
1836.jpg,no_bbox
1837.jpg,no_bbox
1839.jpg,no_bbox
1840.jpg,no_bbox
1841.jpg,no_bbox
1843.jpg,no_bbox
1844.jpg,no_bbox
1845.jpg,no_bbox
1847.jpg,no_bbox
1849.jpg,no_bbox
1850.jpg,no_bbox
1851.jpg,no_bbox
1852.jpg,no_bbox
1853.jpg,no_bbox
1854.jpg,no_bbox
1859.jpg,no_bbox
1860.jpg,no_bbox
1861.jpg,no_bbox
1862.jpg,no_bbox
1863.jpg,no_bbox
1864.jpg,no_bbox
1865.jpg,no_bbox
1867.jpg,no_bbox
1869.jpg,no_bbox
1872.jpg,no_bbox
1873.jpg,no_bbox
1874.jpg,no_bbox
1876.jpg,no_bbox
1877.jpg,no_bbox
1878.jpg,no_bbox
1879.jpg,no_bbox
1880.jpg,no_bbox
1881.jpg,no_bbox
1882.jpg,no_bbox
1883.jpg,no_bbox
1884.jpg,no_bbox
1885.jpg,no_bbox
1886.jpg,no_bbox
1887.jpg,no_bbox
1889.jpg,no_bbox
1890.jpg,no_bbox
1891.jpg,no_bbox
1892.jpg,no_bbox
1893.jpg,no_bbox
1894.jpg,no_bbox
1896.jpg,no_bbox
1897.jpg,no_bbox
1898.jpg,no_bbox
1900.jpg,no_bbox
1902.jpg,no_bbox
1903.jpg,no_bbox
1904.jpg,no_bbox
1906.jpg,no_bbox
1907.jpg,no_bbox
1908.jpg,no_bbox
1909.jpg,no_bbox
1910.jpg,no_bbox
1911.jpg,no_bbox
1912.jpg,no_bbox
1913.jpg,no_bbox
1914.jpg,no_bbox
1915.jpg,no_bbox
1916.jpg,no_bbox
1917.jpg,no_bbox
1918.jpg,no_bbox
1919.jpg,no_bbox
1922.jpg,no_bbox
1923.jpg,no_bbox
1924.jpg,no_bbox
1925.jpg,no_bbox
1927.jpg,no_bbox
1928.jpg,no_bbox
1929.jpg,no_bbox
1930.jpg,no_bbox
1932.jpg,no_bbox
1933.jpg,no_bbox
1935.jpg,no_bbox
1936.jpg,no_bbox
1937.jpg,no_bbox
1938.jpg,no_bbox
1939.jpg,no_bbox
1940.jpg,no_bbox
1942.jpg,no_bbox
1944.jpg,no_bbox
1945.jpg,no_bbox
1947.jpg,no_bbox
1948.jpg,no_bbox
1950.jpg,no_bbox
1951.jpg,no_bbox
1955.jpg,no_bbox
1957.jpg,no_bbox
1960.jpg,no_bbox
1962.jpg,no_bbox
1963.jpg,no_bbox
1964.jpg,no_bbox
1965.jpg,no_bbox
1966.jpg,no_bbox
1968.jpg,no_bbox
1969.jpg,no_bbox
1971.jpg,no_bbox
1973.jpg,no_bbox
1974.jpg,no_bbox
1975.jpg,no_bbox
1976.jpg,no_bbox
1978.jpg,no_bbox
1981.jpg,no_bbox
1982.jpg,no_bbox
1983.jpg,no_bbox
1984.jpg,no_bbox
1985.jpg,no_bbox
1986.jpg,no_bbox
1987.jpg,no_bbox
1988.jpg,no_bbox
1989.jpg,no_bbox
1990.jpg,no_bbox
1991.jpg,no_bbox
1992.jpg,no_bbox
1993.jpg,no_bbox
1994.jpg,no_bbox
1995.jpg,no_bbox
1996.jpg,no_bbox
1997.jpg,no_bbox
1998.jpg,no_bbox
1999.jpg,no_bbox
2000.jpg,no_bbox
2001.jpg,no_bbox
2002.jpg,no_bbox
2003.jpg,no_bbox
2004.jpg,no_bbox
2005.jpg,no_bbox
2006.jpg,no_bbox
2007.jpg,no_bbox
2008.jpg,no_bbox
2009.jpg,no_bbox
2010.jpg,no_bbox
2011.jpg,no_bbox
2012.jpg,no_bbox
2013.jpg,no_bbox
2015.jpg,no_bbox
2016.jpg,no_bbox
2017.jpg,no_bbox
2019.jpg,no_bbox
2020.jpg,no_bbox
2021.jpg,no_bbox
2023.jpg,no_bbox
2024.jpg,no_bbox
2025.jpg,no_bbox
2026.jpg,no_bbox
2027.jpg,no_bbox
2028.jpg,no_bbox
2029.jpg,no_bbox
2030.jpg,no_bbox
2031.jpg,no_bbox
2032.jpg,no_bbox
2033.jpg,no_bbox
2035.jpg,no_bbox
2037.jpg,no_bbox
2039.jpg,no_bbox
2041.jpg,no_bbox
2042.jpg,no_bbox
2043.jpg,no_bbox
2045.jpg,no_bbox
2046.jpg,no_bbox
2047.jpg,no_bbox
2048.jpg,no_bbox
2049.jpg,no_bbox
2050.jpg,no_bbox
2051.jpg,no_bbox
2052.jpg,no_bbox
2053.jpg,no_bbox
2054.jpg,no_bbox
2056.jpg,no_bbox
2058.jpg,no_bbox
2059.jpg,no_bbox
2060.jpg,no_bbox
2061.jpg,no_bbox
2063.jpg,no_bbox
2064.jpg,no_bbox
2065.jpg,no_bbox
2066.jpg,no_bbox
2067.jpg,no_bbox
2068.jpg,no_bbox
2069.jpg,no_bbox
2070.jpg,no_bbox
2071.jpg,no_bbox
2072.jpg,no_bbox
2073.jpg,no_bbox
2074.jpg,no_bbox
2077.jpg,no_bbox
2078.jpg,no_bbox
2079.jpg,no_bbox
2080.jpg,no_bbox
2082.jpg,no_bbox
2083.jpg,no_bbox
2084.jpg,no_bbox
2085.jpg,no_bbox
2086.jpg,no_bbox
2087.jpg,no_bbox
2088.jpg,no_bbox
2089.jpg,no_bbox
2091.jpg,no_bbox
2093.jpg,no_bbox
2094.jpg,no_bbox
2095.jpg,no_bbox
2096.jpg,no_bbox
2098.jpg,no_bbox
2100.jpg,no_bbox
2101.jpg,no_bbox
2103.jpg,no_bbox
2105.jpg,no_bbox
2106.jpg,no_bbox
2107.jpg,no_bbox
2109.jpg,no_bbox
2110.jpg,no_bbox
2111.jpg,no_bbox
2116.jpg,no_bbox
2117.jpg,no_bbox
2118.jpg,no_bbox
2120.jpg,no_bbox
2121.jpg,no_bbox
2122.jpg,no_bbox
2124.jpg,no_bbox
2125.jpg,no_bbox
2126.jpg,no_bbox
2127.jpg,no_bbox
2129.jpg,no_bbox
2130.jpg,no_bbox
2131.jpg,no_bbox
2132.jpg,no_bbox
2133.jpg,no_bbox
2135.jpg,no_bbox
2136.jpg,no_bbox
2137.jpg,no_bbox
2138.jpg,no_bbox
2139.jpg,no_bbox
2140.jpg,no_bbox
2141.jpg,no_bbox
2142.jpg,no_bbox
2144.jpg,no_bbox
2145.jpg,no_bbox
2146.jpg,no_bbox
2148.jpg,no_bbox
2149.jpg,no_bbox
2150.jpg,no_bbox
2151.jpg,no_bbox
2152.jpg,no_bbox
2155.jpg,no_bbox
2156.jpg,no_bbox
2157.jpg,no_bbox
2158.jpg,no_bbox
2160.jpg,no_bbox
2161.jpg,no_bbox
2162.jpg,no_bbox
2163.jpg,no_bbox
2164.jpg,no_bbox
2165.jpg,no_bbox
2166.jpg,no_bbox
2169.jpg,no_bbox
2170.jpg,no_bbox
2171.jpg,no_bbox
2172.jpg,no_bbox
2173.jpg,no_bbox
2174.jpg,no_bbox
2175.jpg,no_bbox
2176.jpg,no_bbox
2178.jpg,no_bbox
2179.jpg,no_bbox
2180.jpg,no_bbox
2181.jpg,no_bbox
2182.jpg,no_bbox
2183.jpg,no_bbox
2186.jpg,no_bbox
2187.jpg,no_bbox
2189.jpg,no_bbox
2191.jpg,no_bbox
2192.jpg,no_bbox
2193.jpg,no_bbox
2195.jpg,no_bbox
2196.jpg,no_bbox
2198.jpg,no_bbox
2199.jpg,no_bbox
2200.jpg,no_bbox
2201.jpg,no_bbox
2202.jpg,no_bbox
2205.jpg,no_bbox
2206.jpg,no_bbox
2207.jpg,no_bbox
2209.jpg,no_bbox
2211.jpg,no_bbox
2214.jpg,no_bbox
2215.jpg,no_bbox
2216.jpg,no_bbox
2217.jpg,no_bbox
2218.jpg,no_bbox
2220.jpg,no_bbox
2221.jpg,no_bbox
2222.jpg,no_bbox
2223.jpg,no_bbox
2225.jpg,no_bbox
2226.jpg,no_bbox
2227.jpg,no_bbox
2228.jpg,no_bbox
2229.jpg,no_bbox
2230.jpg,no_bbox
2231.jpg,no_bbox
2235.jpg,no_bbox
2236.jpg,no_bbox
2237.jpg,no_bbox
2238.jpg,no_bbox
2240.jpg,no_bbox
2241.jpg,no_bbox
2242.jpg,no_bbox
2243.jpg,no_bbox
2245.jpg,no_bbox
2246.jpg,no_bbox
2250.jpg,no_bbox
2252.jpg,no_bbox
2253.jpg,no_bbox
2254.jpg,no_bbox
2255.jpg,no_bbox
2256.jpg,no_bbox
2257.jpg,no_bbox
2258.jpg,no_bbox
2259.jpg,no_bbox
2261.jpg,no_bbox
2262.jpg,no_bbox
2263.jpg,no_bbox
2264.jpg,no_bbox
2265.jpg,no_bbox
2267.jpg,no_bbox
2268.jpg,no_bbox
2269.jpg,no_bbox
2270.jpg,no_bbox
2271.jpg,no_bbox
2272.jpg,no_bbox
2273.jpg,no_bbox
2275.jpg,no_bbox
2276.jpg,no_bbox
2277.jpg,no_bbox
2278.jpg,no_bbox
2279.jpg,no_bbox
2281.jpg,no_bbox
2282.jpg,no_bbox
2283.jpg,no_bbox
2284.jpg,no_bbox
2285.jpg,no_bbox
2286.jpg,no_bbox
2287.jpg,no_bbox
2288.jpg,no_bbox
2293.jpg,no_bbox
2295.jpg,no_bbox
2296.jpg,no_bbox
2298.jpg,no_bbox
2299.jpg,no_bbox
2300.jpg,no_bbox
2301.jpg,no_bbox
2302.jpg,no_bbox
2303.jpg,no_bbox
2304.jpg,no_bbox
2305.jpg,no_bbox
2306.jpg,no_bbox
2307.jpg,no_bbox
2308.jpg,no_bbox
2309.jpg,no_bbox
2310.jpg,no_bbox
2313.jpg,no_bbox
2314.jpg,no_bbox
2316.jpg,no_bbox
2317.jpg,no_bbox
2318.jpg,no_bbox
2320.jpg,no_bbox
2323.jpg,no_bbox
2324.jpg,no_bbox
2325.jpg,no_bbox
2326.jpg,no_bbox
2327.jpg,no_bbox
2328.jpg,no_bbox
2330.jpg,no_bbox
2331.jpg,no_bbox
2332.jpg,no_bbox
2333.jpg,no_bbox
2334.jpg,no_bbox
2335.jpg,no_bbox
2336.jpg,no_bbox
2337.jpg,no_bbox
2338.jpg,no_bbox
2339.jpg,no_bbox
2340.jpg,no_bbox
2341.jpg,no_bbox
2342.jpg,no_bbox
2343.jpg,no_bbox
2344.jpg,no_bbox
2345.jpg,no_bbox
2346.jpg,no_bbox
2347.jpg,no_bbox
2349.jpg,no_bbox
2351.jpg,no_bbox
2352.jpg,no_bbox
2353.jpg,no_bbox
2354.jpg,no_bbox
2355.jpg,no_bbox
2357.jpg,no_bbox
2358.jpg,no_bbox
2360.jpg,no_bbox
2361.jpg,no_bbox
2362.jpg,no_bbox
2363.jpg,no_bbox
2364.jpg,no_bbox
2365.jpg,no_bbox
2366.jpg,no_bbox
2367.jpg,no_bbox
2368.jpg,no_bbox
2370.jpg,no_bbox
2371.jpg,no_bbox
2372.jpg,no_bbox
2373.jpg,no_bbox
2375.jpg,no_bbox
2376.jpg,no_bbox
2377.jpg,no_bbox
2378.jpg,no_bbox
2379.jpg,no_bbox
2380.jpg,no_bbox
2382.jpg,no_bbox
2383.jpg,no_bbox
2384.jpg,no_bbox
2385.jpg,no_bbox
2386.jpg,no_bbox
2387.jpg,no_bbox
2388.jpg,no_bbox
2389.jpg,no_bbox
2390.jpg,no_bbox
2391.jpg,no_bbox
2392.jpg,no_bbox
2394.jpg,no_bbox
2395.jpg,no_bbox
2396.jpg,no_bbox
2400.jpg,no_bbox
2402.jpg,no_bbox
2404.jpg,no_bbox
2405.jpg,no_bbox
2406.jpg,no_bbox
2407.jpg,no_bbox
2408.jpg,no_bbox
2409.jpg,no_bbox
2410.jpg,no_bbox
2411.jpg,no_bbox
2413.jpg,no_bbox
2414.jpg,no_bbox
2416.jpg,no_bbox
2417.jpg,no_bbox
2418.jpg,no_bbox
2419.jpg,no_bbox
2420.jpg,no_bbox
2422.jpg,no_bbox
2425.jpg,no_bbox
2426.jpg,no_bbox
2429.jpg,no_bbox
2430.jpg,no_bbox
2431.jpg,no_bbox
2432.jpg,no_bbox
2433.jpg,no_bbox
2434.jpg,no_bbox
2436.jpg,no_bbox
2438.jpg,no_bbox
2439.jpg,no_bbox
2440.jpg,no_bbox
2441.jpg,no_bbox
2442.jpg,no_bbox
2443.jpg,no_bbox
2444.jpg,no_bbox
2445.jpg,no_bbox
2446.jpg,no_bbox
2448.jpg,no_bbox
2449.jpg,no_bbox
2450.jpg,no_bbox
2451.jpg,no_bbox
2453.jpg,no_bbox
2455.jpg,no_bbox
2457.jpg,no_bbox
2459.jpg,no_bbox
2460.jpg,no_bbox
2461.jpg,no_bbox
2462.jpg,no_bbox
2463.jpg,no_bbox
2464.jpg,no_bbox
2465.jpg,no_bbox
2466.jpg,no_bbox
2467.jpg,no_bbox
2469.jpg,no_bbox
2472.jpg,no_bbox
2473.jpg,no_bbox
2474.jpg,no_bbox
2475.jpg,no_bbox
2476.jpg,no_bbox
2477.jpg,no_bbox
2478.jpg,no_bbox
2480.jpg,no_bbox
2481.jpg,no_bbox
2482.jpg,no_bbox
2483.jpg,no_bbox
2485.jpg,no_bbox
2486.jpg,no_bbox
2487.jpg,no_bbox
2488.jpg,no_bbox
2490.jpg,no_bbox
2491.jpg,no_bbox
2492.jpg,no_bbox
2493.jpg,no_bbox
2494.jpg,no_bbox
2496.jpg,no_bbox
2497.jpg,no_bbox
2498.jpg,no_bbox
2502.jpg,no_bbox
2503.jpg,no_bbox
2504.jpg,no_bbox
2505.jpg,no_bbox
2506.jpg,no_bbox
2507.jpg,no_bbox
2508.jpg,no_bbox
2509.jpg,no_bbox
2510.jpg,no_bbox
2511.jpg,no_bbox
2512.jpg,no_bbox
2513.jpg,no_bbox
2515.jpg,no_bbox
2517.jpg,no_bbox
2519.jpg,no_bbox
2521.jpg,no_bbox
2522.jpg,no_bbox
2523.jpg,no_bbox
2524.jpg,no_bbox
2525.jpg,no_bbox
2527.jpg,no_bbox
2529.jpg,no_bbox
2530.jpg,no_bbox
2531.jpg,no_bbox
2532.jpg,no_bbox
2533.jpg,no_bbox
2534.jpg,no_bbox
2535.jpg,no_bbox
2536.jpg,no_bbox
2537.jpg,no_bbox
2538.jpg,no_bbox
2539.jpg,no_bbox
2541.jpg,no_bbox
2543.jpg,no_bbox
2544.jpg,no_bbox
2546.jpg,no_bbox
2548.jpg,no_bbox
2549.jpg,no_bbox
2551.jpg,no_bbox
2552.jpg,no_bbox
2553.jpg,no_bbox
2554.jpg,no_bbox
2555.jpg,no_bbox
2556.jpg,no_bbox
2557.jpg,no_bbox
2558.jpg,no_bbox
2559.jpg,no_bbox
2560.jpg,no_bbox
2561.jpg,no_bbox
2562.jpg,no_bbox
2563.jpg,no_bbox
2564.jpg,no_bbox
2566.jpg,no_bbox
2567.jpg,no_bbox
2568.jpg,no_bbox
2569.jpg,no_bbox
2570.jpg,no_bbox
2572.jpg,no_bbox
2573.jpg,no_bbox
2574.jpg,no_bbox
2577.jpg,no_bbox
2578.jpg,no_bbox
2579.jpg,no_bbox
2580.jpg,no_bbox
2581.jpg,no_bbox
2583.jpg,no_bbox
2585.jpg,no_bbox
2586.jpg,no_bbox
2587.jpg,no_bbox
2588.jpg,no_bbox
2589.jpg,no_bbox
2590.jpg,no_bbox
2591.jpg,no_bbox
2592.jpg,no_bbox
2593.jpg,no_bbox
2594.jpg,no_bbox
2595.jpg,no_bbox
2596.jpg,no_bbox
2597.jpg,no_bbox
2599.jpg,no_bbox
2600.jpg,no_bbox
2601.jpg,no_bbox
2603.jpg,no_bbox
2604.jpg,no_bbox
2605.jpg,no_bbox
2606.jpg,no_bbox
2607.jpg,no_bbox
2608.jpg,no_bbox
2609.jpg,no_bbox
2610.jpg,no_bbox
2611.jpg,no_bbox
2612.jpg,no_bbox
2613.jpg,no_bbox
2615.jpg,no_bbox
2616.jpg,no_bbox
2619.jpg,no_bbox
2620.jpg,no_bbox
2621.jpg,no_bbox
2622.jpg,no_bbox
2623.jpg,no_bbox
2624.jpg,no_bbox
2625.jpg,no_bbox
2626.jpg,no_bbox
2627.jpg,no_bbox
2628.jpg,no_bbox
2629.jpg,no_bbox
2630.jpg,no_bbox
2631.jpg,no_bbox
2633.jpg,no_bbox
2634.jpg,no_bbox
2637.jpg,no_bbox
2638.jpg,no_bbox
2639.jpg,no_bbox
2642.jpg,no_bbox
2643.jpg,no_bbox
2644.jpg,no_bbox
2645.jpg,no_bbox
2646.jpg,no_bbox
2647.jpg,no_bbox
2649.jpg,no_bbox
2651.jpg,no_bbox
2652.jpg,no_bbox
2653.jpg,no_bbox
2654.jpg,no_bbox
2655.jpg,no_bbox
2656.jpg,no_bbox
2657.jpg,no_bbox
2658.jpg,no_bbox
2659.jpg,no_bbox
2660.jpg,no_bbox
2662.jpg,no_bbox
2663.jpg,no_bbox
2664.jpg,no_bbox
2665.jpg,no_bbox
2667.jpg,no_bbox
2668.jpg,no_bbox
2670.jpg,no_bbox
2671.jpg,no_bbox
2672.jpg,no_bbox
2675.jpg,no_bbox
2676.jpg,no_bbox
2677.jpg,no_bbox
2681.jpg,no_bbox
2682.jpg,no_bbox
2684.jpg,no_bbox
2685.jpg,no_bbox
2686.jpg,no_bbox
2687.jpg,no_bbox
2689.jpg,no_bbox
2691.jpg,no_bbox
2692.jpg,no_bbox
2694.jpg,no_bbox
2695.jpg,no_bbox
2696.jpg,no_bbox
2698.jpg,no_bbox
2699.jpg,no_bbox
2700.jpg,no_bbox
2702.jpg,no_bbox
2703.jpg,no_bbox
2704.jpg,no_bbox
2706.jpg,no_bbox
2708.jpg,no_bbox
2709.jpg,no_bbox
2710.jpg,no_bbox
2713.jpg,no_bbox
2714.jpg,no_bbox
2715.jpg,no_bbox
2716.jpg,no_bbox
2718.jpg,no_bbox
2719.jpg,no_bbox
2721.jpg,no_bbox
2722.jpg,no_bbox
2723.jpg,no_bbox
2724.jpg,no_bbox
2725.jpg,no_bbox
2726.jpg,no_bbox
2727.jpg,no_bbox
2728.jpg,no_bbox
2729.jpg,no_bbox
2730.jpg,no_bbox
2732.jpg,no_bbox
2733.jpg,no_bbox
2734.jpg,no_bbox
2736.jpg,no_bbox
2737.jpg,no_bbox
2738.jpg,no_bbox
2740.jpg,no_bbox
2741.jpg,no_bbox
2743.jpg,no_bbox
2744.jpg,no_bbox
2745.jpg,no_bbox
2746.jpg,no_bbox
2748.jpg,no_bbox
2749.jpg,no_bbox
2750.jpg,no_bbox
2752.jpg,no_bbox
2753.jpg,no_bbox
2754.jpg,no_bbox
2755.jpg,no_bbox
2760.jpg,no_bbox
2762.jpg,no_bbox
2763.jpg,no_bbox
2764.jpg,no_bbox
2765.jpg,no_bbox
2766.jpg,no_bbox
2767.jpg,no_bbox
2768.jpg,no_bbox
2769.jpg,no_bbox
2770.jpg,no_bbox
2772.jpg,no_bbox
2773.jpg,no_bbox
2774.jpg,no_bbox
2775.jpg,no_bbox
2776.jpg,no_bbox
2778.jpg,no_bbox
2780.jpg,no_bbox
2781.jpg,no_bbox
2782.jpg,no_bbox
2783.jpg,no_bbox
2785.jpg,no_bbox
2790.jpg,no_bbox
2791.jpg,no_bbox
2794.jpg,no_bbox
2795.jpg,no_bbox
2796.jpg,no_bbox
2798.jpg,no_bbox
2799.jpg,no_bbox
2800.jpg,no_bbox
2802.jpg,no_bbox
2803.jpg,no_bbox
2804.jpg,no_bbox
2805.jpg,no_bbox
2806.jpg,no_bbox
2808.jpg,no_bbox
2811.jpg,no_bbox
2812.jpg,no_bbox
2816.jpg,no_bbox
2817.jpg,no_bbox
2820.jpg,no_bbox
2821.jpg,no_bbox
2823.jpg,no_bbox
2824.jpg,no_bbox
2825.jpg,no_bbox
2826.jpg,no_bbox
2827.jpg,no_bbox
2828.jpg,no_bbox
2830.jpg,no_bbox
2831.jpg,no_bbox
2833.jpg,no_bbox
2834.jpg,no_bbox
2835.jpg,no_bbox
2836.jpg,no_bbox
2838.jpg,no_bbox
2840.jpg,no_bbox
2841.jpg,no_bbox
2842.jpg,no_bbox
2843.jpg,no_bbox
2845.jpg,no_bbox
2846.jpg,no_bbox
2847.jpg,no_bbox
2850.jpg,no_bbox
2851.jpg,no_bbox
2852.jpg,no_bbox
2854.jpg,no_bbox
2855.jpg,no_bbox
2856.jpg,no_bbox
2858.jpg,no_bbox
2859.jpg,no_bbox
2860.jpg,no_bbox
2861.jpg,no_bbox
2862.jpg,no_bbox
2863.jpg,no_bbox
2864.jpg,no_bbox
2865.jpg,no_bbox
2866.jpg,no_bbox
2869.jpg,no_bbox
2870.jpg,no_bbox
2871.jpg,no_bbox
2872.jpg,no_bbox
2875.jpg,no_bbox
2876.jpg,no_bbox
2877.jpg,no_bbox
2878.jpg,no_bbox
2879.jpg,no_bbox
2880.jpg,no_bbox
2881.jpg,no_bbox
2883.jpg,no_bbox
2884.jpg,no_bbox
2886.jpg,no_bbox
2887.jpg,no_bbox
2888.jpg,no_bbox
2889.jpg,no_bbox
2890.jpg,no_bbox
2891.jpg,no_bbox
2893.jpg,no_bbox
2894.jpg,no_bbox
2895.jpg,no_bbox
2896.jpg,no_bbox
2897.jpg,no_bbox
2898.jpg,no_bbox
2899.jpg,no_bbox
2900.jpg,no_bbox
2901.jpg,no_bbox
2902.jpg,no_bbox
2903.jpg,no_bbox
2904.jpg,no_bbox
2905.jpg,no_bbox
2906.jpg,no_bbox
2908.jpg,no_bbox
2909.jpg,no_bbox
2910.jpg,no_bbox
2911.jpg,no_bbox
2912.jpg,no_bbox
2913.jpg,no_bbox
2914.jpg,no_bbox
2916.jpg,no_bbox
2917.jpg,no_bbox
2918.jpg,no_bbox
2920.jpg,no_bbox
2921.jpg,no_bbox
2922.jpg,no_bbox
2923.jpg,no_bbox
2924.jpg,no_bbox
2925.jpg,no_bbox
2927.jpg,no_bbox
2928.jpg,no_bbox
2930.jpg,no_bbox
2931.jpg,no_bbox
2932.jpg,no_bbox
2933.jpg,no_bbox
2934.jpg,no_bbox
2935.jpg,no_bbox
2939.jpg,no_bbox
2940.jpg,no_bbox
2941.jpg,no_bbox
2942.jpg,no_bbox
2943.jpg,no_bbox
2944.jpg,no_bbox
2945.jpg,no_bbox
2946.jpg,no_bbox
2950.jpg,no_bbox
2951.jpg,no_bbox
2952.jpg,no_bbox
2957.jpg,no_bbox
2958.jpg,no_bbox
2959.jpg,no_bbox
2961.jpg,no_bbox
2963.jpg,no_bbox
2964.jpg,no_bbox
2965.jpg,no_bbox
2966.jpg,no_bbox
2967.jpg,no_bbox
2970.jpg,no_bbox
2975.jpg,no_bbox
2977.jpg,no_bbox
2978.jpg,no_bbox
2979.jpg,no_bbox
2980.jpg,no_bbox
2981.jpg,no_bbox
2982.jpg,no_bbox
2983.jpg,no_bbox
2985.jpg,no_bbox
2986.jpg,no_bbox
2987.jpg,no_bbox
2988.jpg,no_bbox
2989.jpg,no_bbox
2990.jpg,no_bbox
2991.jpg,no_bbox
2992.jpg,no_bbox
2993.jpg,no_bbox
2994.jpg,no_bbox
2995.jpg,no_bbox
2997.jpg,no_bbox
2998.jpg,no_bbox
2999.jpg,no_bbox
3000.jpg,no_bbox
3001.jpg,no_bbox
3003.jpg,no_bbox
3004.jpg,no_bbox
3005.jpg,no_bbox
3006.jpg,no_bbox
3007.jpg,no_bbox
3010.jpg,no_bbox
3011.jpg,no_bbox
3012.jpg,no_bbox
3013.jpg,no_bbox
3014.jpg,no_bbox
3016.jpg,no_bbox
3017.jpg,no_bbox
3018.jpg,no_bbox
3022.jpg,no_bbox
3024.jpg,no_bbox
3025.jpg,no_bbox
3026.jpg,no_bbox
3029.jpg,no_bbox
3030.jpg,no_bbox
3031.jpg,no_bbox
3032.jpg,no_bbox
3033.jpg,no_bbox
3034.jpg,no_bbox
3035.jpg,no_bbox
3036.jpg,no_bbox
3037.jpg,no_bbox
3038.jpg,no_bbox
3040.jpg,no_bbox
3041.jpg,no_bbox
3042.jpg,no_bbox
3044.jpg,no_bbox
3045.jpg,no_bbox
3046.jpg,no_bbox
3047.jpg,no_bbox
3051.jpg,no_bbox
3052.jpg,no_bbox
3053.jpg,no_bbox
3054.jpg,no_bbox
3055.jpg,no_bbox
3057.jpg,no_bbox
3058.jpg,no_bbox
3060.jpg,no_bbox
3061.jpg,no_bbox
3062.jpg,no_bbox
3063.jpg,no_bbox
3064.jpg,no_bbox
3065.jpg,no_bbox
3068.jpg,no_bbox
3069.jpg,no_bbox
3070.jpg,no_bbox
3073.jpg,no_bbox
3074.jpg,no_bbox
3075.jpg,no_bbox
3076.jpg,no_bbox
3077.jpg,no_bbox
3078.jpg,no_bbox
3079.jpg,no_bbox
3080.jpg,no_bbox
3081.jpg,no_bbox
3082.jpg,no_bbox
3083.jpg,no_bbox
3084.jpg,no_bbox
3085.jpg,no_bbox
3086.jpg,no_bbox
3087.jpg,no_bbox
3088.jpg,no_bbox
3089.jpg,no_bbox
3090.jpg,no_bbox
3092.jpg,no_bbox
3093.jpg,no_bbox
3094.jpg,no_bbox
3095.jpg,no_bbox
3096.jpg,no_bbox
3097.jpg,no_bbox
3098.jpg,no_bbox
3100.jpg,no_bbox
3101.jpg,no_bbox
3102.jpg,no_bbox
3104.jpg,no_bbox
3105.jpg,no_bbox
3106.jpg,no_bbox
3107.jpg,no_bbox
3108.jpg,no_bbox
3109.jpg,no_bbox
3111.jpg,no_bbox
3112.jpg,no_bbox
3113.jpg,no_bbox
3115.jpg,no_bbox
3116.jpg,no_bbox
3117.jpg,no_bbox
3118.jpg,no_bbox
3119.jpg,no_bbox
3120.jpg,no_bbox
3121.jpg,no_bbox
3122.jpg,no_bbox
3123.jpg,no_bbox
3124.jpg,no_bbox
3125.jpg,no_bbox
3126.jpg,no_bbox
3127.jpg,no_bbox
3128.jpg,no_bbox
3129.jpg,no_bbox
3130.jpg,no_bbox
3131.jpg,no_bbox
3132.jpg,no_bbox
3133.jpg,no_bbox
3134.jpg,no_bbox
3135.jpg,no_bbox
3136.jpg,no_bbox
3138.jpg,no_bbox
3139.jpg,no_bbox
3140.jpg,no_bbox
3141.jpg,no_bbox
3142.jpg,no_bbox
3144.jpg,no_bbox
3145.jpg,no_bbox
3146.jpg,no_bbox
3147.jpg,no_bbox
3148.jpg,no_bbox
3149.jpg,no_bbox
3151.jpg,no_bbox
3152.jpg,no_bbox
3153.jpg,no_bbox
3154.jpg,no_bbox
3155.jpg,no_bbox
3156.jpg,no_bbox
3157.jpg,no_bbox
3159.jpg,no_bbox
3160.jpg,no_bbox
3162.jpg,no_bbox
3163.jpg,no_bbox
3164.jpg,no_bbox
3165.jpg,no_bbox
3166.jpg,no_bbox
3167.jpg,no_bbox
3168.jpg,no_bbox
3169.jpg,no_bbox
3170.jpg,no_bbox
3171.jpg,no_bbox
3172.jpg,no_bbox
3174.jpg,no_bbox
3175.jpg,no_bbox
3176.jpg,no_bbox
3178.jpg,no_bbox
3179.jpg,no_bbox
3180.jpg,no_bbox
3181.jpg,no_bbox
3182.jpg,no_bbox
3183.jpg,no_bbox
3184.jpg,no_bbox
3187.jpg,no_bbox
3188.jpg,no_bbox
3189.jpg,no_bbox
3191.jpg,no_bbox
3193.jpg,no_bbox
3195.jpg,no_bbox
3196.jpg,no_bbox
3197.jpg,no_bbox
3198.jpg,no_bbox
3199.jpg,no_bbox
3200.jpg,no_bbox
3201.jpg,no_bbox
3203.jpg,no_bbox
3204.jpg,no_bbox
3205.jpg,no_bbox
3206.jpg,no_bbox
3207.jpg,no_bbox
3208.jpg,no_bbox
3209.jpg,no_bbox
3210.jpg,no_bbox
3212.jpg,no_bbox
3213.jpg,no_bbox
3214.jpg,no_bbox
3216.jpg,no_bbox
3217.jpg,no_bbox
3218.jpg,no_bbox
3219.jpg,no_bbox
3220.jpg,no_bbox
3222.jpg,no_bbox
3223.jpg,no_bbox
3224.jpg,no_bbox
3226.jpg,no_bbox
3227.jpg,no_bbox
3228.jpg,no_bbox
3230.jpg,no_bbox
3231.jpg,no_bbox
3232.jpg,no_bbox
3235.jpg,no_bbox
3237.jpg,no_bbox
3239.jpg,no_bbox
3240.jpg,no_bbox
3241.jpg,no_bbox
3242.jpg,no_bbox
3243.jpg,no_bbox
3245.jpg,no_bbox
3248.jpg,no_bbox
3250.jpg,no_bbox
3251.jpg,no_bbox
3253.jpg,no_bbox
3254.jpg,no_bbox
3255.jpg,no_bbox
3256.jpg,no_bbox
3258.jpg,no_bbox
3259.jpg,no_bbox
3260.jpg,no_bbox
3261.jpg,no_bbox
3263.jpg,no_bbox
3264.jpg,no_bbox
3265.jpg,no_bbox
3266.jpg,no_bbox
3267.jpg,no_bbox
3268.jpg,no_bbox
3271.jpg,no_bbox
3272.jpg,no_bbox
3273.jpg,no_bbox
3274.jpg,no_bbox
3275.jpg,no_bbox
3276.jpg,no_bbox
3279.jpg,no_bbox
3280.jpg,no_bbox
3281.jpg,no_bbox
3283.jpg,no_bbox
3285.jpg,no_bbox
3286.jpg,no_bbox
3287.jpg,no_bbox
3289.jpg,no_bbox
3290.jpg,no_bbox
3291.jpg,no_bbox
3292.jpg,no_bbox
3293.jpg,no_bbox
3294.jpg,no_bbox
3295.jpg,no_bbox
3296.jpg,no_bbox
3297.jpg,no_bbox
3298.jpg,no_bbox
3299.jpg,no_bbox
3300.jpg,no_bbox
3301.jpg,no_bbox
3302.jpg,no_bbox
3304.jpg,no_bbox
3305.jpg,no_bbox
3306.jpg,no_bbox
3307.jpg,no_bbox
3308.jpg,no_bbox
3309.jpg,no_bbox
3310.jpg,no_bbox
3311.jpg,no_bbox
3312.jpg,no_bbox
3313.jpg,no_bbox
3315.jpg,no_bbox
3316.jpg,no_bbox
3318.jpg,no_bbox
3319.jpg,no_bbox
3321.jpg,no_bbox
3322.jpg,no_bbox
3324.jpg,no_bbox
3325.jpg,no_bbox
3326.jpg,no_bbox
3327.jpg,no_bbox
3328.jpg,no_bbox
3329.jpg,no_bbox
3330.jpg,no_bbox
3331.jpg,no_bbox
3332.jpg,no_bbox
3333.jpg,no_bbox
3335.jpg,no_bbox
3336.jpg,no_bbox
3337.jpg,no_bbox
3339.jpg,no_bbox
3340.jpg,no_bbox
3341.jpg,no_bbox
3342.jpg,no_bbox
3343.jpg,no_bbox
3344.jpg,no_bbox
3345.jpg,no_bbox
3346.jpg,no_bbox
3347.jpg,no_bbox
3348.jpg,no_bbox
3349.jpg,no_bbox
3350.jpg,no_bbox
3351.jpg,no_bbox
3352.jpg,no_bbox
3353.jpg,no_bbox
3356.jpg,no_bbox
3357.jpg,no_bbox
3358.jpg,no_bbox
3359.jpg,no_bbox
3361.jpg,no_bbox
3362.jpg,no_bbox
3363.jpg,no_bbox
3364.jpg,no_bbox
3365.jpg,no_bbox
3368.jpg,no_bbox
3369.jpg,no_bbox
3370.jpg,no_bbox
3372.jpg,no_bbox
3373.jpg,no_bbox
3375.jpg,no_bbox
3376.jpg,no_bbox
3377.jpg,no_bbox
3378.jpg,no_bbox
3379.jpg,no_bbox
3381.jpg,no_bbox
3383.jpg,no_bbox
3384.jpg,no_bbox
3385.jpg,no_bbox
3387.jpg,no_bbox
3388.jpg,no_bbox
3389.jpg,no_bbox
3390.jpg,no_bbox
3391.jpg,no_bbox
3392.jpg,no_bbox
3393.jpg,no_bbox
3394.jpg,no_bbox
3396.jpg,no_bbox
3397.jpg,no_bbox
3399.jpg,no_bbox
3400.jpg,no_bbox
3402.jpg,no_bbox
3403.jpg,no_bbox
3404.jpg,no_bbox
3405.jpg,no_bbox
3406.jpg,no_bbox
3407.jpg,no_bbox
3409.jpg,no_bbox
3410.jpg,no_bbox
3412.jpg,no_bbox
3414.jpg,no_bbox
3415.jpg,no_bbox
3417.jpg,no_bbox
3419.jpg,no_bbox
3420.jpg,no_bbox
3422.jpg,no_bbox
3423.jpg,no_bbox
3425.jpg,no_bbox
3426.jpg,no_bbox
3427.jpg,no_bbox
3428.jpg,no_bbox
3429.jpg,no_bbox
3430.jpg,no_bbox
3431.jpg,no_bbox
3432.jpg,no_bbox
3434.jpg,no_bbox
3435.jpg,no_bbox
3436.jpg,no_bbox
3437.jpg,no_bbox
3438.jpg,no_bbox
3440.jpg,no_bbox
3441.jpg,no_bbox
3442.jpg,no_bbox
3443.jpg,no_bbox
3444.jpg,no_bbox
3445.jpg,no_bbox
3447.jpg,no_bbox
3448.jpg,no_bbox
3450.jpg,no_bbox
3453.jpg,no_bbox
3454.jpg,no_bbox
3456.jpg,no_bbox
3457.jpg,no_bbox
3459.jpg,no_bbox
3462.jpg,no_bbox
3463.jpg,no_bbox
3465.jpg,no_bbox
3466.jpg,no_bbox
3467.jpg,no_bbox
3468.jpg,no_bbox
3469.jpg,no_bbox
3470.jpg,no_bbox
3471.jpg,no_bbox
3472.jpg,no_bbox
3473.jpg,no_bbox
3474.jpg,no_bbox
3475.jpg,no_bbox
3476.jpg,no_bbox
3477.jpg,no_bbox
3478.jpg,no_bbox
3479.jpg,no_bbox
3480.jpg,no_bbox
3482.jpg,no_bbox
3483.jpg,no_bbox
3484.jpg,no_bbox
3485.jpg,no_bbox
3486.jpg,no_bbox
3487.jpg,no_bbox
3488.jpg,no_bbox
3489.jpg,no_bbox
3490.jpg,no_bbox
3491.jpg,no_bbox
3492.jpg,no_bbox
3493.jpg,no_bbox
3494.jpg,no_bbox
3495.jpg,no_bbox
3496.jpg,no_bbox
3497.jpg,no_bbox
3498.jpg,no_bbox
3500.jpg,no_bbox
3502.jpg,no_bbox
3505.jpg,no_bbox
3506.jpg,no_bbox
3508.jpg,no_bbox
3509.jpg,no_bbox
3510.jpg,no_bbox
3511.jpg,no_bbox
3512.jpg,no_bbox
3513.jpg,no_bbox
3514.jpg,no_bbox
3515.jpg,no_bbox
3516.jpg,no_bbox
3518.jpg,no_bbox
3519.jpg,no_bbox
3521.jpg,no_bbox
3522.jpg,no_bbox
3523.jpg,no_bbox
3524.jpg,no_bbox
3525.jpg,no_bbox
3526.jpg,no_bbox
3527.jpg,no_bbox
3528.jpg,no_bbox
3529.jpg,no_bbox
3530.jpg,no_bbox
3531.jpg,no_bbox
3533.jpg,no_bbox
3536.jpg,no_bbox
3537.jpg,no_bbox
3538.jpg,no_bbox
3540.jpg,no_bbox
3542.jpg,no_bbox
3544.jpg,no_bbox
3545.jpg,no_bbox
3546.jpg,no_bbox
3548.jpg,no_bbox
3551.jpg,no_bbox
3552.jpg,no_bbox
3553.jpg,no_bbox
3554.jpg,no_bbox
3555.jpg,no_bbox
3557.jpg,no_bbox
3559.jpg,no_bbox
3561.jpg,no_bbox
3562.jpg,no_bbox
3563.jpg,no_bbox
3564.jpg,no_bbox
3565.jpg,no_bbox
3566.jpg,no_bbox
3567.jpg,no_bbox
3568.jpg,no_bbox
3569.jpg,no_bbox
3570.jpg,no_bbox
3571.jpg,no_bbox
3572.jpg,no_bbox
3573.jpg,no_bbox
3576.jpg,no_bbox
3577.jpg,no_bbox
3578.jpg,no_bbox
3579.jpg,no_bbox
3580.jpg,no_bbox
3581.jpg,no_bbox
3582.jpg,no_bbox
3584.jpg,no_bbox
3585.jpg,no_bbox
3586.jpg,no_bbox
3587.jpg,no_bbox
3588.jpg,no_bbox
3590.jpg,no_bbox
3591.jpg,no_bbox
3592.jpg,no_bbox
3593.jpg,no_bbox
3594.jpg,no_bbox
3595.jpg,no_bbox
3596.jpg,no_bbox
3597.jpg,no_bbox
3598.jpg,no_bbox
3600.jpg,no_bbox
3601.jpg,no_bbox
3602.jpg,no_bbox
3603.jpg,no_bbox
3604.jpg,no_bbox
3605.jpg,no_bbox
3606.jpg,no_bbox
3607.jpg,no_bbox
3608.jpg,no_bbox
3609.jpg,no_bbox
3610.jpg,no_bbox
3611.jpg,no_bbox
3613.jpg,no_bbox
3614.jpg,no_bbox
3615.jpg,no_bbox
3616.jpg,no_bbox
3617.jpg,no_bbox
3618.jpg,no_bbox
3619.jpg,no_bbox
3620.jpg,no_bbox
3625.jpg,no_bbox
3626.jpg,no_bbox
3627.jpg,no_bbox
3628.jpg,no_bbox
3629.jpg,no_bbox
3630.jpg,no_bbox
3631.jpg,no_bbox
3633.jpg,no_bbox
3634.jpg,no_bbox
3635.jpg,no_bbox
3636.jpg,no_bbox
3637.jpg,no_bbox
3638.jpg,no_bbox
3641.jpg,no_bbox
3645.jpg,no_bbox
3647.jpg,no_bbox
3648.jpg,no_bbox
3650.jpg,no_bbox
3651.jpg,no_bbox
3654.jpg,no_bbox
3656.jpg,no_bbox
3658.jpg,no_bbox
3659.jpg,no_bbox
3660.jpg,no_bbox
3661.jpg,no_bbox
3662.jpg,no_bbox
3664.jpg,no_bbox
3665.jpg,no_bbox
3668.jpg,no_bbox
3669.jpg,no_bbox
3670.jpg,no_bbox
3671.jpg,no_bbox
3672.jpg,no_bbox
3673.jpg,no_bbox
3674.jpg,no_bbox
3675.jpg,no_bbox
3676.jpg,no_bbox
3677.jpg,no_bbox
3678.jpg,no_bbox
3679.jpg,no_bbox
3680.jpg,no_bbox
3681.jpg,no_bbox
3682.jpg,no_bbox
3685.jpg,no_bbox
3686.jpg,no_bbox
3687.jpg,no_bbox
3688.jpg,no_bbox
3689.jpg,no_bbox
3690.jpg,no_bbox
3692.jpg,no_bbox
3693.jpg,no_bbox
3694.jpg,no_bbox
3695.jpg,no_bbox
3696.jpg,no_bbox
3698.jpg,no_bbox
3699.jpg,no_bbox
3700.jpg,no_bbox
3701.jpg,no_bbox
3703.jpg,no_bbox
3705.jpg,no_bbox
3706.jpg,no_bbox
3707.jpg,no_bbox
3708.jpg,no_bbox
3709.jpg,no_bbox
3710.jpg,no_bbox
3711.jpg,no_bbox
3712.jpg,no_bbox
3713.jpg,no_bbox
3714.jpg,no_bbox
3715.jpg,no_bbox
3716.jpg,no_bbox
3717.jpg,no_bbox
3718.jpg,no_bbox
3719.jpg,no_bbox
3720.jpg,no_bbox
3721.jpg,no_bbox
3722.jpg,no_bbox
3723.jpg,no_bbox
3724.jpg,no_bbox
3725.jpg,no_bbox
3726.jpg,no_bbox
3727.jpg,no_bbox
3729.jpg,no_bbox
3730.jpg,no_bbox
3731.jpg,no_bbox
3732.jpg,no_bbox
3733.jpg,no_bbox
3734.jpg,no_bbox
3735.jpg,no_bbox
3736.jpg,no_bbox
3737.jpg,no_bbox
3738.jpg,no_bbox
3739.jpg,no_bbox
3740.jpg,no_bbox
3741.jpg,no_bbox
3743.jpg,no_bbox
3744.jpg,no_bbox
3745.jpg,no_bbox
3746.jpg,no_bbox
3747.jpg,no_bbox
3750.jpg,no_bbox
3751.jpg,no_bbox
3752.jpg,no_bbox
3753.jpg,no_bbox
3754.jpg,no_bbox
3755.jpg,no_bbox
3756.jpg,no_bbox
3758.jpg,no_bbox
3759.jpg,no_bbox
3760.jpg,no_bbox
3761.jpg,no_bbox
3762.jpg,no_bbox
3763.jpg,no_bbox
3764.jpg,no_bbox
3765.jpg,no_bbox
3766.jpg,no_bbox
3767.jpg,no_bbox
3768.jpg,no_bbox
3769.jpg,no_bbox
3770.jpg,no_bbox
3771.jpg,no_bbox
3772.jpg,no_bbox
3773.jpg,no_bbox
3774.jpg,no_bbox
3776.jpg,no_bbox
3777.jpg,no_bbox
3778.jpg,no_bbox
3779.jpg,no_bbox
3780.jpg,no_bbox
3781.jpg,no_bbox
3782.jpg,no_bbox
3783.jpg,no_bbox
3784.jpg,no_bbox
3785.jpg,no_bbox
3786.jpg,no_bbox
3787.jpg,no_bbox
3788.jpg,no_bbox
3789.jpg,no_bbox
3790.jpg,no_bbox
3791.jpg,no_bbox
3792.jpg,no_bbox
3794.jpg,no_bbox
3796.jpg,no_bbox
3797.jpg,no_bbox
3798.jpg,no_bbox
3799.jpg,no_bbox
3800.jpg,no_bbox
3801.jpg,no_bbox
3802.jpg,no_bbox
3804.jpg,no_bbox
3805.jpg,no_bbox
3808.jpg,no_bbox
3811.jpg,no_bbox
3812.jpg,no_bbox
3813.jpg,no_bbox
3814.jpg,no_bbox
3815.jpg,no_bbox
3816.jpg,no_bbox
3817.jpg,no_bbox
3818.jpg,no_bbox
3820.jpg,no_bbox
3821.jpg,no_bbox
3822.jpg,no_bbox
3823.jpg,no_bbox
3824.jpg,no_bbox
3825.jpg,no_bbox
3826.jpg,no_bbox
3828.jpg,no_bbox
3829.jpg,no_bbox
3830.jpg,no_bbox
3831.jpg,no_bbox
3833.jpg,no_bbox
3834.jpg,no_bbox
3835.jpg,no_bbox
3836.jpg,no_bbox
3839.jpg,no_bbox
3840.jpg,no_bbox
3841.jpg,no_bbox
3842.jpg,no_bbox
3843.jpg,no_bbox
3844.jpg,no_bbox
3845.jpg,no_bbox
3847.jpg,no_bbox
3848.jpg,no_bbox
3849.jpg,no_bbox
3850.jpg,no_bbox
3851.jpg,no_bbox
3852.jpg,no_bbox
3853.jpg,no_bbox
3854.jpg,no_bbox
3855.jpg,no_bbox
3856.jpg,no_bbox
3858.jpg,no_bbox
3859.jpg,no_bbox
3860.jpg,no_bbox
3861.jpg,no_bbox
3862.jpg,no_bbox
3863.jpg,no_bbox
3864.jpg,no_bbox
3865.jpg,no_bbox
3867.jpg,no_bbox
3868.jpg,no_bbox
3869.jpg,no_bbox
3870.jpg,no_bbox
3871.jpg,no_bbox
3872.jpg,no_bbox
3874.jpg,no_bbox
3875.jpg,no_bbox
3877.jpg,no_bbox
3878.jpg,no_bbox
3880.jpg,no_bbox
3883.jpg,no_bbox
3885.jpg,no_bbox
3886.jpg,no_bbox
3887.jpg,no_bbox
3888.jpg,no_bbox
3889.jpg,no_bbox
3891.jpg,no_bbox
3892.jpg,no_bbox
3894.jpg,no_bbox
3895.jpg,no_bbox
3896.jpg,no_bbox
3897.jpg,no_bbox
3899.jpg,no_bbox
3900.jpg,no_bbox
3901.jpg,no_bbox
3902.jpg,no_bbox
3904.jpg,no_bbox
3906.jpg,no_bbox
3907.jpg,no_bbox
3908.jpg,no_bbox
3909.jpg,no_bbox
3910.jpg,no_bbox
3912.jpg,no_bbox
3913.jpg,no_bbox
3914.jpg,no_bbox
3917.jpg,no_bbox
3918.jpg,no_bbox
3919.jpg,no_bbox
3920.jpg,no_bbox
3921.jpg,no_bbox
3922.jpg,no_bbox
3923.jpg,no_bbox
3924.jpg,no_bbox
3925.jpg,no_bbox
3926.jpg,no_bbox
3927.jpg,no_bbox
3928.jpg,no_bbox
3929.jpg,no_bbox
3930.jpg,no_bbox
3931.jpg,no_bbox
3932.jpg,no_bbox
3933.jpg,no_bbox
3937.jpg,no_bbox
3938.jpg,no_bbox
3939.jpg,no_bbox
3940.jpg,no_bbox
3941.jpg,no_bbox
3942.jpg,no_bbox
3943.jpg,no_bbox
3944.jpg,no_bbox
3946.jpg,no_bbox
3947.jpg,no_bbox
3948.jpg,no_bbox
3949.jpg,no_bbox
3950.jpg,no_bbox
3951.jpg,no_bbox
3952.jpg,no_bbox
3953.jpg,no_bbox
3954.jpg,no_bbox
3955.jpg,no_bbox
3956.jpg,no_bbox
3958.jpg,no_bbox
3959.jpg,no_bbox
3960.jpg,no_bbox
3961.jpg,no_bbox
3962.jpg,no_bbox
3963.jpg,no_bbox
3964.jpg,no_bbox
3965.jpg,no_bbox
3966.jpg,no_bbox
3967.jpg,no_bbox
3968.jpg,no_bbox
3969.jpg,no_bbox
3971.jpg,no_bbox
3973.jpg,no_bbox
3974.jpg,no_bbox
3975.jpg,no_bbox
3977.jpg,no_bbox
3978.jpg,no_bbox
3980.jpg,no_bbox
3981.jpg,no_bbox
3982.jpg,no_bbox
3983.jpg,no_bbox
3984.jpg,no_bbox
3986.jpg,no_bbox
3987.jpg,no_bbox
3988.jpg,no_bbox
3989.jpg,no_bbox
3990.jpg,no_bbox
3993.jpg,no_bbox
3994.jpg,no_bbox
3995.jpg,no_bbox
3996.jpg,no_bbox
3997.jpg,no_bbox
3998.jpg,no_bbox
3999.jpg,no_bbox
4000.jpg,no_bbox
4001.jpg,no_bbox
4002.jpg,no_bbox
4003.jpg,no_bbox
4005.jpg,no_bbox
4008.jpg,no_bbox
4009.jpg,no_bbox
4010.jpg,no_bbox
4011.jpg,no_bbox
4012.jpg,no_bbox
4015.jpg,no_bbox
4017.jpg,no_bbox
4018.jpg,no_bbox
4019.jpg,no_bbox
4021.jpg,no_bbox
4023.jpg,no_bbox
4024.jpg,no_bbox
4025.jpg,no_bbox
4026.jpg,no_bbox
4027.jpg,no_bbox
4028.jpg,no_bbox
4029.jpg,no_bbox
4030.jpg,no_bbox
4031.jpg,no_bbox
4032.jpg,no_bbox
4035.jpg,no_bbox
4036.jpg,no_bbox
4038.jpg,no_bbox
4039.jpg,no_bbox
4040.jpg,no_bbox
4042.jpg,no_bbox
4043.jpg,no_bbox
4044.jpg,no_bbox
4045.jpg,no_bbox
4046.jpg,no_bbox
4047.jpg,no_bbox
4048.jpg,no_bbox
4049.jpg,no_bbox
4050.jpg,no_bbox
4052.jpg,no_bbox
4053.jpg,no_bbox
4054.jpg,no_bbox
4055.jpg,no_bbox
4056.jpg,no_bbox
4057.jpg,no_bbox
4059.jpg,no_bbox
4061.jpg,no_bbox
4062.jpg,no_bbox
4063.jpg,no_bbox
4064.jpg,no_bbox
4065.jpg,no_bbox
4069.jpg,no_bbox
4070.jpg,no_bbox
4071.jpg,no_bbox
4072.jpg,no_bbox
4073.jpg,no_bbox
4075.jpg,no_bbox
4077.jpg,no_bbox
4078.jpg,no_bbox
4081.jpg,no_bbox
4082.jpg,no_bbox
4083.jpg,no_bbox
4084.jpg,no_bbox
4085.jpg,no_bbox
4086.jpg,no_bbox
4087.jpg,no_bbox
4088.jpg,no_bbox
4089.jpg,no_bbox
4092.jpg,no_bbox
4093.jpg,no_bbox
4094.jpg,no_bbox
4095.jpg,no_bbox
4096.jpg,no_bbox
4097.jpg,no_bbox
4098.jpg,no_bbox
4099.jpg,no_bbox
4100.jpg,no_bbox
4101.jpg,no_bbox
4102.jpg,no_bbox
4103.jpg,no_bbox
4104.jpg,no_bbox
4105.jpg,no_bbox
4106.jpg,no_bbox
4107.jpg,no_bbox
4109.jpg,no_bbox
4110.jpg,no_bbox
4111.jpg,no_bbox
4113.jpg,no_bbox
4114.jpg,no_bbox
4115.jpg,no_bbox
4116.jpg,no_bbox
4118.jpg,no_bbox
4119.jpg,no_bbox
4120.jpg,no_bbox
4121.jpg,no_bbox
4124.jpg,no_bbox
4126.jpg,no_bbox
4128.jpg,no_bbox
4129.jpg,no_bbox
4130.jpg,no_bbox
4131.jpg,no_bbox
4133.jpg,no_bbox
4134.jpg,no_bbox
4135.jpg,no_bbox
4136.jpg,no_bbox
4137.jpg,no_bbox
4138.jpg,no_bbox
4139.jpg,no_bbox
4140.jpg,no_bbox
4144.jpg,no_bbox
4146.jpg,no_bbox
4147.jpg,no_bbox
4149.jpg,no_bbox
4151.jpg,no_bbox
4153.jpg,no_bbox
4154.jpg,no_bbox
4155.jpg,no_bbox
4156.jpg,no_bbox
4158.jpg,no_bbox
4160.jpg,no_bbox
4161.jpg,no_bbox
4162.jpg,no_bbox
4163.jpg,no_bbox
4164.jpg,no_bbox
4165.jpg,no_bbox
4166.jpg,no_bbox
4167.jpg,no_bbox
4168.jpg,no_bbox
4169.jpg,no_bbox
4170.jpg,no_bbox
4171.jpg,no_bbox
4172.jpg,no_bbox
4173.jpg,no_bbox
4174.jpg,no_bbox
4176.jpg,no_bbox
4178.jpg,no_bbox
4180.jpg,no_bbox
4182.jpg,no_bbox
4183.jpg,no_bbox
4184.jpg,no_bbox
4185.jpg,no_bbox
4187.jpg,no_bbox
4188.jpg,no_bbox
4189.jpg,no_bbox
4192.jpg,no_bbox
4193.jpg,no_bbox
4194.jpg,no_bbox
4195.jpg,no_bbox
4196.jpg,no_bbox
4197.jpg,no_bbox
4198.jpg,no_bbox
4199.jpg,no_bbox
4200.jpg,no_bbox
4201.jpg,no_bbox
4203.jpg,no_bbox
4204.jpg,no_bbox
4205.jpg,no_bbox
4207.jpg,no_bbox
4208.jpg,no_bbox
4209.jpg,no_bbox
4210.jpg,no_bbox
4211.jpg,no_bbox
4212.jpg,no_bbox
4213.jpg,no_bbox
4215.jpg,no_bbox
4216.jpg,no_bbox
4217.jpg,no_bbox
4218.jpg,no_bbox
4219.jpg,no_bbox
4221.jpg,no_bbox
4222.jpg,no_bbox
4224.jpg,no_bbox
4229.jpg,no_bbox
4231.jpg,no_bbox
4233.jpg,no_bbox
4237.jpg,no_bbox
4238.jpg,no_bbox
4240.jpg,no_bbox
4241.jpg,no_bbox
4242.jpg,no_bbox
4245.jpg,no_bbox
4246.jpg,no_bbox
4247.jpg,no_bbox
4249.jpg,no_bbox
4250.jpg,no_bbox
4251.jpg,no_bbox
4252.jpg,no_bbox
4253.jpg,no_bbox
4254.jpg,no_bbox
4255.jpg,no_bbox
4256.jpg,no_bbox
4259.jpg,no_bbox
4260.jpg,no_bbox
4263.jpg,no_bbox
4264.jpg,no_bbox
4265.jpg,no_bbox
4266.jpg,no_bbox
4267.jpg,no_bbox
4268.jpg,no_bbox
4270.jpg,no_bbox
4271.jpg,no_bbox
4272.jpg,no_bbox
4273.jpg,no_bbox
4274.jpg,no_bbox
4275.jpg,no_bbox
4276.jpg,no_bbox
